date_game,team_ID,opp_ID,game_result,PA,AB,R,H,2B,3B,HR,RBI,BB,IBB,SO,HBP,SH,SF,ROE,GIDP,SB,CS,batting_avg,onbase_perc,slugging_perc,onbase_plus_slugging,batting_order_position,leverage_index_avg,wpa_bat,cli_avg,cwpa_bat,re24_bat,pos_game
2018-03-29,ATL,PHI,"W,8-5",5,5,1,1,0,0,1,3,0,0,1,0,0,0,0,0,0,0,.200,.200,.800,1.000,4,1.95,0.260,2.07,0.17%,1.78,RF
2018-03-30,ATL,PHI,"L,4-5",5,4,0,1,0,0,0,0,1,0,0,0,0,0,0,1,0,1,.222,.300,.556,.856,4,1.75,-0.027,1.92,-0.02%,-0.65,RF
2018-03-31,ATL,PHI,"W,15-2",6,3,1,2,0,0,0,2,3,0,1,0,0,0,0,0,0,0,.333,.500,.583,1.083,4,.70,0.073,.76,0.05%,2.19,RF
2018-04-02,ATL,WSN,"L,1-8",4,4,0,0,0,0,0,0,0,0,1,0,0,0,0,0,0,0,.250,.400,.438,.838,4,.48,-0.075,.54,-0.05%,-1.23,RF
2018-04-03,ATL,WSN,"W,13-6",5,5,2,3,2,0,0,1,0,0,0,0,0,0,0,0,0,0,.333,.440,.571,1.011,4,.48,0.130,.51,0.08%,2.49,RF
2018-04-04,ATL,WSN,"W,7-1",4,4,1,1,0,0,0,0,0,0,2,0,0,0,1,0,0,0,.320,.414,.520,.934,4,.52,0.010,.59,0.01%,0.35,RF
2018-04-06,ATL,COL,"W,8-3",5,4,1,1,0,0,0,0,1,0,0,0,0,0,0,0,0,0,.310,.412,.483,.895,4,.59,-0.011,.60,-0.01%,-0.14,RF
2018-04-07,ATL,COL,"L,2-3",5,4,0,1,0,0,0,0,1,0,0,0,0,0,0,0,0,0,.303,.410,.455,.865,4,2.16,-0.204,2.32,-0.13%,-0.75,RF
2018-04-08,ATL,COL,"W,4-0",4,4,1,2,0,0,1,1,0,0,1,0,0,0,0,0,0,0,.324,.419,.541,.959,5,.73,0.129,.74,0.08%,0.95,RF
2018-04-09,ATL,WSN,"L,0-2",3,3,0,1,0,0,0,0,0,0,1,0,0,0,0,0,0,0,.325,.413,.525,.938,4,.86,0.011,1.04,0.01%,0.04,RF
2018-04-10,ATL,WSN,"L,1-4",4,3,0,0,0,0,0,0,1,0,0,0,0,0,0,0,0,0,.302,.400,.488,.888,4,.64,-0.038,.72,-0.03%,-0.41,RF
2018-04-11,ATL,WSN,"W,5-3",6,5,0,0,0,0,0,0,1,0,2,0,0,0,0,0,0,0,.271,.375,.438,.813,4,1.92,-0.064,2.05,-0.04%,-0.26,RF
2018-04-13,ATL,CHC,"W,4-0",5,4,1,2,0,0,0,0,1,0,1,0,0,0,0,0,0,0,.288,.393,.442,.836,4,.48,0.006,.49,0.00%,-0.06,RF
2018-04-14,ATL,CHC,"L,10-14",5,5,0,2,1,0,0,2,0,0,0,0,0,0,0,2,0,0,.298,.394,.456,.850,5,.52,0.009,.55,0.01%,-1.17,RF
2018-04-16,ATL,PHI,"W,2-1",3,3,0,0,0,0,0,0,0,0,0,0,0,0,0,0,0,0,.283,.377,.433,.810,4,.99,-0.046,1.15,-0.03%,-0.50,RF
2018-04-17,ATL,PHI,"L,1-5",5,4,0,0,0,0,0,0,1,0,0,0,0,0,0,0,0,0,.266,.365,.406,.771,4,1.64,-0.047,1.96,-0.03%,-0.77,RF
2018-04-18,ATL,PHI,"W,7-3",4,4,1,2,0,0,0,0,0,0,0,0,0,0,0,0,0,0,.279,.372,.412,.784,4,.59,0.022,.69,0.02%,0.96,RF
2018-04-19,ATL,NYM,"W,12-4",5,4,2,2,0,0,0,2,0,0,0,0,0,1,0,0,0,0,.292,.373,.417,.790,4,.39,0.002,.48,0.00%,0.19,RF
2018-04-20,ATL,NYM,"L,3-5",5,4,1,1,1,0,0,0,1,0,0,0,0,0,0,0,0,0,.289,.375,.421,.796,4,1.35,0.118,1.77,0.09%,0.49,RF
2018-04-21,ATL,NYM,"W,4-3",4,3,0,0,0,0,0,0,1,0,1,0,0,0,0,0,0,0,.278,.370,.405,.775,4,1.78,-0.133,2.21,-0.10%,-0.45,RF
2018-04-23,ATL,CIN,"L,4-10",4,4,1,3,0,0,1,3,0,0,0,0,0,0,0,0,0,0,.301,.385,.458,.843,4,.67,0.135,.69,0.08%,2.52,RF
2018-04-24,ATL,CIN,"L,7-9",6,4,1,2,1,0,0,0,2,0,0,0,0,0,0,0,0,0,.310,.402,.471,.873,4,1.03,0.082,1.07,0.05%,1.00,RF
2018-04-25,ATL,CIN,"W,5-4",5,4,0,1,0,0,0,0,1,0,0,0,0,0,0,0,0,0,.308,.402,.462,.863,4,2.04,-0.109,2.03,-0.07%,-0.79,RF
2018-04-26,ATL,CIN,"W,7-4",5,4,0,1,0,0,0,1,1,1,0,0,0,0,0,0,0,0,.305,.402,.453,.854,4,.88,0.000,.91,0.00%,0.14,RF
2018-04-27,ATL,PHI,"L,3-7",4,4,0,1,1,0,0,0,0,0,0,0,0,0,0,0,0,0,.303,.397,.455,.851,4,.99,-0.079,1.31,-0.06%,-0.89,RF
2018-04-28,ATL,PHI,"W,4-1",5,2,1,1,0,0,1,1,3,0,0,0,0,0,0,0,0,0,.307,.413,.485,.898,4,.54,0.123,.67,0.09%,1.48,RF
2018-04-29,ATL,PHI,"W,10-1",5,5,1,1,0,0,0,2,0,0,0,0,0,0,0,0,0,0,.302,.405,.472,.876,4,.69,0.119,.93,0.10%,0.14,RF
2018-05-01,ATL,NYM,"W,3-2",5,5,0,2,0,0,0,1,0,0,1,0,0,0,0,0,0,0,.306,.405,.468,.873,4,.55,0.029,.80,0.03%,0.26,RF
2018-05-02,ATL,NYM,"W,7-0",4,4,1,3,1,0,0,1,0,0,0,0,0,0,0,0,0,0,.322,.415,.487,.902,4,.62,0.055,.92,0.05%,1.32,RF
2018-05-03,ATL,NYM,"W,11-0",5,4,3,3,1,0,1,3,1,0,0,0,0,0,0,0,0,0,.336,.429,.529,.958,4,.30,0.174,.45,0.16%,3.00,RF
2018-05-04,ATL,SFG,"L,4-9",4,4,1,2,0,0,1,1,0,0,0,0,0,0,0,0,0,0,.341,.431,.553,.983,4,.36,0.060,.46,0.05%,1.00,RF
2018-05-05,ATL,SFG,"L,2-11",4,4,0,3,1,0,0,1,0,0,0,0,0,0,0,0,0,0,.354,.439,.567,1.006,4,.27,0.058,.35,0.05%,1.16,RF
2018-05-06,ATL,SFG,"L,3-4",4,4,0,0,0,0,0,0,0,0,1,0,0,0,1,1,0,0,.344,.428,.550,.977,4,1.10,-0.093,1.37,-0.07%,-0.76,RF
2018-05-08,ATL,TBR,"W,1-0",4,4,0,0,0,0,0,0,0,0,0,0,0,0,0,0,0,0,.333,.417,.533,.950,4,1.02,-0.107,1.15,-0.07%,-1.07,RF
2018-05-09,ATL,TBR,"W,5-2",4,4,2,2,0,0,1,3,0,0,0,0,0,0,0,0,0,0,.338,.419,.554,.973,4,.64,0.193,.77,0.14%,2.53,RF
2018-05-10,ATL,MIA,"W,9-2",5,5,2,2,0,0,0,0,0,0,0,0,0,0,0,0,0,0,.340,.418,.549,.967,4,.94,-0.055,1.22,-0.04%,-0.80,RF
2018-05-11,ATL,MIA,"L,3-6",4,4,1,2,1,0,0,1,0,0,0,0,0,0,0,0,0,0,.345,.420,.554,.974,4,.99,0.104,1.30,0.08%,0.78,RF
2018-05-12,ATL,MIA,"W,10-5",5,5,2,2,0,0,0,0,0,0,1,0,0,0,0,0,0,0,.346,.420,.549,.969,4,.93,0.057,1.22,0.04%,-0.08,RF
2018-05-13,ATL,MIA,"W,4-3",4,4,0,1,0,0,0,1,0,0,2,0,0,0,0,0,0,0,.344,.416,.541,.957,4,1.11,-0.002,1.44,0.00%,-0.19,RF
2018-05-14,ATL,CHC,"W,6-5",5,5,2,2,0,0,0,0,0,0,1,0,0,0,0,0,0,0,.346,.415,.537,.952,4,1.04,0.033,1.40,0.03%,-0.15,RF
2018-05-15,ATL,CHC,"L,2-3",4,4,0,0,0,0,0,0,0,0,0,0,0,0,0,0,0,0,.337,.406,.524,.931,4,1.63,-0.164,2.13,-0.13%,-0.85,RF
2018-05-16,ATL,CHC,"W,4-1",4,2,0,0,0,0,0,0,2,1,0,0,0,0,0,2,0,0,.333,.408,.518,.926,4,1.28,-0.158,1.69,-0.13%,-1.12,RF
2018-05-18,ATL,MIA,"L,0-2",4,4,0,3,1,0,0,0,0,0,0,0,0,0,0,0,0,0,.343,.415,.529,.944,4,1.16,0.180,1.50,0.14%,1.41,RF
2018-05-19,ATL,MIA,"W,8-1",4,4,0,1,0,0,0,0,0,0,0,0,0,0,0,0,0,0,.341,.412,.523,.935,4,.63,0.026,.84,0.02%,-0.18,RF
2018-05-20,ATL,MIA,"W,10-9",5,5,1,2,0,0,0,2,0,0,0,0,0,0,0,0,1,0,.343,.412,.519,.931,4,.97,0.018,1.29,0.01%,1.05,RF
2018-05-21,ATL,PHI,"L,0-3",4,4,0,1,0,0,0,0,0,0,1,0,0,0,0,0,0,0,.341,.409,.514,.922,4,.95,-0.054,1.53,-0.05%,-0.50,RF
2018-05-22,ATL,PHI,"W,3-1",4,3,0,1,0,0,0,0,1,0,0,0,0,0,0,0,0,0,.340,.410,.511,.921,4,1.14,0.054,1.83,0.05%,0.62,RF
2018-05-23,ATL,PHI,"L,0-4",4,4,0,2,0,0,0,0,0,0,2,0,0,0,0,0,0,0,.344,.412,.510,.922,4,.48,0.016,.81,0.02%,0.38,RF
2018-05-25,ATL,BOS,"L,2-6",4,3,0,1,1,0,0,2,1,0,1,0,0,0,0,0,0,0,.344,.414,.513,.926,4,1.33,0.107,1.76,0.09%,1.42,LF
2018-05-26,ATL,BOS,"L,6-8",5,4,1,2,2,0,0,1,0,0,0,0,0,1,0,0,0,0,.347,.413,.523,.936,4,1.25,-0.013,1.64,-0.01%,0.03,LF
2018-05-27,ATL,BOS,"W,7-1",5,4,1,0,0,0,0,0,1,0,0,0,0,0,0,0,0,0,.340,.409,.512,.921,4,.38,0.007,.49,0.01%,-1.21,LF RF
2018-05-28,ATL,NYM,"W,4-3",4,3,0,1,0,0,0,1,0,0,1,0,0,1,0,1,0,0,.340,.406,.510,.916,4,1.95,-0.012,2.96,-0.01%,-0.50,RF
2018-05-28,ATL,NYM,"L,5-8",5,5,0,2,1,0,0,1,0,0,0,0,0,0,0,0,0,0,.341,.406,.512,.918,4,1.72,0.200,2.65,0.19%,1.42,RF
2018-05-29,ATL,NYM,"W,7-6",5,5,0,1,1,0,0,1,0,0,1,0,0,0,0,0,0,0,.338,.402,.509,.911,4,1.45,-0.136,2.18,-0.12%,-0.19,RF
2018-05-30,ATL,NYM,"L,1-4",4,4,0,0,0,0,0,0,0,0,1,0,0,0,0,1,0,0,.332,.395,.500,.895,4,1.67,-0.278,2.43,-0.24%,-1.73,RF
2018-05-31,ATL,WSN,"W,4-2",4,2,1,1,1,0,0,0,2,0,0,0,0,0,0,0,0,0,.333,.401,.505,.905,4,.83,0.089,1.38,0.09%,1.16,RF
2018-06-01,ATL,WSN,"W,4-0",4,4,1,1,0,0,0,0,0,0,0,0,0,0,0,2,0,0,.332,.398,.500,.898,4,1.08,-0.059,1.85,-0.06%,-1.38,RF
2018-06-02,ATL,WSN,"L,3-5",5,5,1,1,0,0,0,0,0,0,1,0,0,0,0,0,0,0,.329,.395,.494,.888,4,1.39,-0.092,2.42,-0.10%,-0.48,RF
2018-06-03,ATL,WSN,"W,4-2",4,4,0,1,0,0,0,1,0,0,0,0,0,0,0,0,0,0,.328,.392,.489,.882,4,1.71,-0.067,3.00,-0.07%,-0.22,RF
2018-06-04,ATL,SDP,"L,4-11",4,4,2,2,1,0,0,0,0,0,0,0,0,0,0,0,0,0,.331,.394,.494,.888,4,.43,0.008,.60,0.01%,0.22,RF
2018-06-05,ATL,SDP,"W,14-1",5,5,1,2,0,0,1,3,0,0,1,0,0,0,0,0,0,0,.332,.394,.504,.898,4,.41,-0.023,.58,-0.02%,1.31,RF
2018-06-06,ATL,SDP,"L,1-3",4,3,0,0,0,0,0,0,1,0,1,0,0,0,0,0,0,0,.328,.392,.498,.890,4,1.19,-0.088,1.67,-0.07%,-0.42,RF
2018-06-08,ATL,LAD,"L,3-7",4,4,1,1,0,0,0,0,0,0,0,0,0,0,0,0,0,0,.327,.390,.494,.884,4,.78,-0.020,1.09,-0.02%,-0.38,RF
2018-06-09,ATL,LAD,"W,5-3",5,5,1,2,1,0,0,1,0,0,1,0,0,0,0,0,0,0,.328,.390,.496,.886,4,1.02,-0.024,1.46,-0.02%,-0.04,RF
2018-06-10,ATL,LAD,"L,2-7",4,4,0,1,0,0,0,0,0,0,0,0,0,0,0,0,0,0,.327,.388,.492,.881,4,.59,-0.007,.86,-0.01%,-0.29,RF
2018-06-12,ATL,NYM,"W,8-2",4,4,0,3,1,0,0,1,0,0,0,0,0,0,0,0,0,0,.333,.393,.500,.893,4,1.08,0.090,1.62,0.08%,1.91,RF
2018-06-13,ATL,NYM,"W,2-0",4,4,0,0,0,0,0,0,0,0,0,0,0,0,0,0,0,0,.328,.388,.493,.880,4,.69,-0.068,1.02,-0.06%,-0.78,RF
2018-06-14,ATL,SDP,"W,4-2",4,3,0,0,0,0,0,0,1,1,1,0,0,0,0,0,0,0,.325,.386,.487,.873,4,.64,-0.041,.92,-0.04%,-0.38,RF
2018-06-15,ATL,SDP,"L,3-9",4,3,0,1,0,0,0,0,1,0,0,0,0,0,0,0,0,0,.325,.388,.485,.873,4,.97,-0.017,1.37,-0.01%,-0.04,RF
2018-06-16,ATL,SDP,"W,1-0",3,3,0,0,0,0,0,0,0,0,1,0,0,0,0,0,0,0,.321,.384,.480,.864,4,.78,-0.063,1.13,-0.06%,-0.61,RF
2018-06-17,ATL,SDP,"W,4-1",4,4,1,3,1,0,0,0,0,0,1,0,0,0,0,0,0,0,.327,.389,.488,.876,4,.66,0.026,.93,0.02%,0.57,RF
2018-06-19,ATL,TOR,"W,11-4",5,3,1,0,0,0,0,0,2,1,1,0,0,0,0,0,0,0,.324,.389,.482,.871,4,.47,-0.034,.63,-0.03%,-0.46,RF
2018-06-20,ATL,TOR,"L,4-5",4,4,1,1,0,0,0,0,0,0,0,0,0,0,0,0,0,0,.323,.387,.479,.866,4,1.07,-0.039,1.39,-0.03%,-0.32,DH
2018-06-22,ATL,BAL,"L,7-10",7,6,0,2,1,0,0,1,1,1,0,0,0,0,0,0,0,0,.323,.388,.480,.867,4,2.47,0.057,3.46,0.05%,-0.72,RF
2018-06-23,ATL,BAL,"L,5-7",5,4,0,2,1,0,0,3,1,0,2,0,0,0,0,0,0,0,.326,.391,.483,.874,4,1.58,0.154,2.18,0.13%,2.90,RF
2018-06-24,ATL,BAL,"W,7-3",4,4,1,2,2,0,0,1,0,0,1,0,0,0,0,0,0,0,.328,.392,.490,.882,4,.68,0.083,.99,0.07%,0.81,RF
2018-06-25,ATL,CIN,"W,5-4",5,4,0,2,0,0,0,0,1,1,0,0,0,0,0,1,0,0,.330,.395,.490,.886,4,1.44,-0.065,2.07,-0.06%,-0.83,RF
2018-06-26,ATL,CIN,"L,3-5",4,4,0,0,0,0,0,1,0,0,0,0,0,0,0,0,0,0,.326,.391,.484,.875,4,1.84,-0.241,2.56,-0.20%,-1.51,RF
2018-06-27,ATL,CIN,"L,5-6",4,3,1,1,0,0,0,0,1,1,1,0,0,0,0,0,0,0,.326,.392,.482,.874,4,1.09,-0.018,1.59,-0.02%,0.04,RF
2018-06-29,ATL,STL,"W,5-1",5,3,1,0,0,0,0,1,1,0,0,0,0,1,1,0,0,0,.323,.389,.478,.867,4,.74,0.048,1.11,0.04%,0.55,RF
2018-06-30,ATL,STL,"W,11-4",4,3,2,2,1,0,1,5,0,0,1,0,0,1,0,0,0,0,.326,.391,.492,.883,4,.88,0.113,1.30,0.10%,3.03,RF
2018-07-01,ATL,STL,"W,6-5",4,3,1,0,0,0,0,0,1,0,0,0,0,0,0,0,0,0,.323,.389,.488,.877,4,.56,-0.031,.83,-0.03%,-0.17,RF
2018-07-02,ATL,NYY,"W,5-3",5,5,1,2,1,0,0,0,0,0,0,0,0,0,1,0,0,0,.324,.389,.489,.878,4,1.29,0.113,1.72,0.09%,0.85,DH
2018-07-03,ATL,NYY,"L,5-8",5,4,1,2,0,0,1,2,1,0,1,0,0,0,0,0,0,0,.326,.392,.498,.890,4,.89,0.174,1.11,0.13%,2.02,RF
2018-07-04,ATL,NYY,"L,2-6",5,4,0,0,0,0,0,0,0,0,0,1,0,0,0,1,0,0,.322,.389,.493,.882,4,1.07,-0.117,1.44,-0.09%,-1.46,RF
2018-07-05,ATL,MIL,"L,2-7",4,4,0,0,0,0,0,0,0,0,2,0,0,0,0,1,0,0,.319,.385,.487,.872,4,1.12,-0.163,1.64,-0.14%,-1.45,RF
2018-07-06,ATL,MIL,"L,4-5",4,4,1,3,0,0,0,0,0,0,0,0,0,0,0,0,0,0,.324,.389,.490,.879,4,.92,0.077,1.35,0.07%,0.54,RF
2018-07-07,ATL,MIL,"W,5-1",5,3,1,1,0,1,0,1,2,0,0,0,0,0,0,1,0,0,.324,.392,.494,.886,4,.75,0.078,1.17,0.07%,1.14,RF
2018-07-08,ATL,MIL,"L,3-10",5,5,0,1,0,0,0,0,0,0,2,0,0,0,0,0,0,0,.322,.389,.490,.879,4,.66,-0.041,1.06,-0.04%,-0.95,RF
2018-07-10,ATL,TOR,"L,2-6",4,4,0,2,1,0,0,0,0,0,1,0,0,0,0,0,0,0,.324,.391,.493,.884,4,1.25,0.002,1.93,0.00%,0.72,RF
2018-07-11,ATL,TOR,"W,9-5",5,5,1,1,1,0,0,1,0,0,1,0,0,0,0,0,0,0,.322,.388,.492,.880,4,.47,0.001,.72,0.00%,0.05,RF
2018-07-13,ATL,ARI,"L,1-2",4,4,0,2,0,0,0,0,0,0,1,0,0,0,0,0,0,0,.324,.389,.492,.881,4,1.45,0.001,2.36,0.00%,0.29,RF
2018-07-14,ATL,ARI,"L,0-3",4,4,0,1,0,0,0,0,0,0,1,0,0,0,0,0,0,0,.323,.388,.489,.877,4,.70,-0.034,1.17,-0.03%,-0.28,RF
2018-07-15,ATL,ARI,"W,5-1",4,3,0,1,0,0,0,1,1,0,0,0,0,0,0,0,0,0,.323,.389,.488,.877,4,.45,0.025,.76,0.03%,0.71,RF
2018-07-20,ATL,WSN,"W,8-5",5,4,0,1,0,0,0,1,0,0,0,0,0,1,0,0,0,0,.323,.387,.485,.872,4,.45,-0.028,.82,-0.03%,-0.18,RF
2018-07-22,ATL,WSN,"L,2-6",4,4,0,1,0,0,0,0,0,0,1,0,0,0,0,0,0,0,.322,.386,.483,.868,4,1.24,-0.029,2.21,-0.03%,-0.45,RF
2018-07-23,ATL,MIA,"W,12-1",5,4,2,1,1,0,0,0,1,1,1,0,0,0,0,0,0,0,.321,.386,.483,.869,4,.34,-0.008,.55,-0.01%,0.09,RF
2018-07-24,ATL,MIA,"L,3-9",4,3,0,0,0,0,0,0,1,0,1,0,0,0,0,0,0,0,.319,.384,.479,.864,4,.44,-0.036,.71,-0.04%,-0.35,RF
2018-07-26,ATL,LAD,"L,2-8",4,3,0,0,0,0,0,0,1,0,0,0,0,0,0,0,0,0,.316,.383,.476,.859,4,.85,-0.037,1.46,-0.04%,-0.60,RF
2018-07-27,ATL,LAD,"L,1-4",4,4,0,2,1,0,0,0,0,0,1,0,0,0,0,0,0,0,.318,.384,.478,.863,4,.88,0.074,1.51,0.08%,0.61,RF
2018-07-28,ATL,LAD,"L,1-5",4,3,0,0,0,0,0,0,1,0,1,0,0,0,0,1,0,0,.316,.383,.475,.858,4,1.44,-0.141,2.43,-0.14%,-0.95,RF
2018-07-29,ATL,LAD,"W,4-1",4,4,2,3,1,0,1,3,0,0,0,0,0,0,0,0,0,0,.320,.386,.488,.874,4,.45,0.233,.76,0.23%,3.29,RF
2018-07-30,ATL,MIA,"W,5-3",4,4,0,0,0,0,0,0,0,0,0,0,0,0,0,0,0,0,.317,.383,.483,.866,4,.50,-0.050,.83,-0.05%,-0.64,RF
2018-07-31,ATL,MIA,"W,11-6",5,4,2,2,0,0,1,2,1,0,0,0,0,0,0,0,0,0,.319,.385,.490,.875,4,.60,0.223,1.00,0.22%,2.28,RF
2018-08-02,ATL,NYM,"W,4-2",4,3,0,0,0,0,0,0,1,0,1,0,0,0,0,0,0,0,.316,.384,.487,.871,4,.77,-0.030,1.33,-0.03%,-0.47,RF
2018-08-03,ATL,NYM,"W,2-1",4,4,0,1,0,0,0,0,0,0,0,0,0,0,0,0,0,0,.316,.383,.484,.867,4,1.03,0.010,1.77,0.01%,-0.03,RF
2018-08-04,ATL,NYM,"L,0-3",4,3,0,0,0,0,0,0,1,0,1,0,0,0,0,0,0,0,.313,.382,.481,.863,4,1.07,-0.047,1.91,-0.05%,-0.46,RF
2018-08-05,ATL,NYM,"W,5-4",5,5,1,4,0,0,1,1,0,0,0,0,0,0,0,0,0,0,.319,.386,.492,.878,4,1.06,0.458,1.83,0.47%,1.40,RF
2018-08-07,ATL,WSN,"L,3-8",4,4,0,2,0,0,0,1,0,0,1,0,0,0,0,0,0,0,.321,.387,.492,.879,4,.91,0.074,1.82,0.09%,0.63,RF
2018-08-07,ATL,WSN,"W,3-1",4,4,1,2,0,0,0,0,0,0,0,0,0,0,0,0,0,0,.323,.388,.492,.880,4,1.81,0.181,3.72,0.22%,1.17,RF
2018-08-08,ATL,WSN,"W,8-3",4,4,0,1,1,0,0,0,0,0,0,0,0,0,0,0,0,0,.322,.387,.492,.879,4,.60,-0.055,1.17,-0.07%,-0.64,RF
2018-08-09,ATL,WSN,"L,3-6",4,4,1,2,0,0,1,1,0,0,0,0,0,0,0,0,0,0,.323,.388,.499,.887,4,1.31,-0.012,2.54,-0.01%,0.05,RF
2018-08-10,ATL,MIL,"W,10-1",5,3,3,2,2,0,0,3,1,0,0,0,0,1,0,0,0,0,.326,.390,.505,.895,4,.32,0.121,.62,0.14%,1.67,RF
2018-08-11,ATL,MIL,"L,2-4",4,4,0,1,0,0,0,1,0,0,0,0,0,0,0,0,0,0,.325,.389,.502,.891,4,1.55,-0.035,2.97,-0.04%,-0.34,RF
2018-08-12,ATL,MIL,"W,8-7",4,4,1,2,1,1,0,2,0,0,1,0,0,0,0,0,0,0,.327,.390,.509,.899,4,.91,0.212,1.78,0.25%,1.73,RF
2018-08-13,ATL,MIA,"W,9-1",4,4,1,1,1,0,0,0,0,0,1,0,0,0,0,0,0,0,.326,.389,.509,.897,4,.43,0.058,.79,0.06%,0.19,RF
2018-08-13,ATL,MIA,"W,6-1",4,4,0,1,0,0,0,0,0,0,1,0,0,0,0,0,0,0,.325,.388,.507,.894,4,.59,0.008,1.07,0.01%,-0.39,RF
2018-08-14,ATL,MIA,"W,10-6",5,5,0,1,0,0,0,0,0,0,0,0,0,0,0,0,0,0,.324,.386,.503,.889,4,.88,-0.022,1.52,-0.02%,0.19,RF
2018-08-15,ATL,MIA,"W,5-2",4,4,0,0,0,0,0,0,0,0,0,0,0,0,0,0,0,0,.321,.383,.499,.882,4,1.06,-0.103,1.72,-0.10%,-1.15,RF
2018-08-16,ATL,COL,"L,3-5",4,3,0,0,0,0,0,0,1,0,1,0,0,0,0,1,0,0,.319,.382,.496,.878,4,1.71,-0.160,2.76,-0.16%,-1.15,RF
2018-08-17,ATL,COL,"L,5-11",5,4,0,1,0,0,0,2,0,0,1,0,0,1,0,0,0,0,.319,.380,.494,.874,4,.64,-0.013,1.14,-0.01%,0.26,RF
2018-08-18,ATL,COL,"L,3-5",4,4,0,1,0,0,0,2,0,0,1,0,0,0,0,0,0,0,.318,.379,.492,.871,4,1.18,0.148,2.34,0.18%,0.93,RF
2018-08-19,ATL,COL,"L,2-4",4,3,0,1,0,0,0,0,1,0,0,0,0,0,0,0,0,0,.318,.380,.491,.871,4,1.36,-0.022,2.72,-0.03%,0.08,RF
2018-08-20,ATL,PIT,"W,1-0",4,4,0,1,0,0,0,1,0,0,1,0,0,0,0,0,0,0,.318,.379,.489,.868,4,1.25,0.003,2.47,0.00%,-0.04,RF
2018-08-21,ATL,PIT,"W,6-1",4,4,0,0,0,0,0,0,0,0,0,0,0,0,0,0,0,0,.315,.376,.485,.861,4,.93,-0.067,1.79,-0.08%,-0.96,RF
2018-08-22,ATL,PIT,"W,2-1",4,3,0,0,0,0,0,0,1,1,1,0,0,0,0,0,0,0,.313,.375,.482,.857,4,.95,-0.037,1.68,-0.04%,-0.24,RF
2018-08-23,ATL,MIA,"W,5-0",5,5,0,2,1,0,0,0,0,0,0,0,0,0,0,0,0,0,.314,.376,.483,.859,4,.30,-0.013,.47,-0.01%,0.20,RF
2018-08-24,ATL,MIA,"L,0-1",4,3,0,0,0,0,0,0,1,0,0,0,0,0,0,0,0,0,.312,.375,.480,.855,4,1.46,-0.025,2.19,-0.02%,-0.28,RF
2018-08-25,ATL,MIA,"L,1-3",4,4,0,1,0,0,0,0,0,0,1,0,0,0,0,0,0,0,.312,.374,.478,.852,4,1.24,-0.055,1.94,-0.05%,-0.47,RF
2018-08-26,ATL,MIA,"W,4-0",5,3,1,1,0,0,0,0,2,1,0,0,0,0,0,0,0,0,.312,.376,.477,.853,4,.78,0.065,1.26,0.06%,0.34,RF
2018-08-28,ATL,TBR,"W,9-5",4,4,0,1,1,0,0,2,0,0,0,0,0,0,0,0,0,0,.311,.375,.477,.852,4,1.19,0.110,1.76,0.10%,1.23,RF
2018-08-29,ATL,TBR,"L,5-8",5,5,1,1,0,0,0,0,0,0,1,0,0,0,0,0,0,0,.310,.373,.475,.848,4,.84,-0.056,1.08,-0.04%,-0.74,RF
2018-08-30,ATL,CHC,"L,4-5",4,4,0,0,0,0,0,0,0,0,2,0,0,0,0,0,0,0,.308,.371,.471,.842,4,1.51,-0.185,2.38,-0.18%,-1.36,RF
2018-08-31,ATL,PIT,"L,2-3",4,4,0,0,0,0,0,0,0,0,0,0,0,0,0,0,0,0,.305,.368,.468,.836,4,1.72,-0.178,2.96,-0.18%,-0.92,RF
2018-09-01,ATL,PIT,"W,5-3",4,4,0,1,0,0,0,0,0,0,1,0,0,0,0,0,0,0,.305,.368,.466,.834,4,1.04,-0.061,2.03,-0.07%,-0.18,RF
2018-09-02,ATL,PIT,"W,5-1",4,3,1,0,0,0,0,0,1,0,0,0,0,0,0,0,0,0,.303,.367,.463,.830,4,.86,-0.025,1.50,-0.03%,0.49,RF
2018-09-03,ATL,BOS,"L,2-8",5,4,0,1,0,0,0,0,1,0,1,0,0,0,0,0,0,0,.303,.367,.462,.829,4,1.05,-0.031,1.52,-0.03%,-0.25,RF
2018-09-04,ATL,BOS,"L,1-5",4,3,0,1,0,0,0,0,1,0,0,0,0,0,0,0,0,0,.303,.368,.461,.829,4,.74,0.004,1.08,0.00%,0.13,RF
2018-09-05,ATL,BOS,"L,8-9",4,4,1,2,0,0,0,2,0,0,0,0,0,0,0,0,0,0,.304,.369,.461,.830,3,.80,0.074,1.40,0.08%,0.97,RF
2018-09-06,ATL,ARI,"W,7-6",5,5,0,4,1,0,0,2,0,0,0,0,0,0,0,0,0,0,.309,.372,.466,.839,4,.78,0.193,1.41,0.21%,2.21,RF
2018-09-07,ATL,ARI,"L,3-5",4,3,0,2,0,0,0,0,1,0,0,0,0,0,0,0,0,0,.311,.375,.467,.842,4,1.32,0.064,2.10,0.06%,0.37,RF
2018-09-08,ATL,ARI,"W,5-4",5,2,1,1,0,0,0,1,2,0,0,0,0,1,0,1,0,0,.312,.377,.467,.844,4,2.11,0.163,4.15,0.19%,1.15,RF
2018-09-09,ATL,ARI,"W,9-5",5,5,0,0,0,0,0,0,0,0,0,0,0,0,0,0,0,0,.309,.374,.463,.837,4,.97,-0.131,1.65,-0.13%,-1.24,RF
2018-09-10,ATL,SFG,"W,4-1",4,4,0,0,0,0,0,0,0,0,1,0,0,0,0,0,0,0,.307,.371,.460,.831,4,1.06,-0.084,1.37,-0.07%,-0.69,RF
2018-09-11,ATL,SFG,"W,4-1",5,4,1,2,0,0,0,0,1,0,1,0,0,0,0,1,0,0,.308,.373,.460,.833,4,.65,0.051,.71,0.03%,0.05,RF
2018-09-12,ATL,SFG,"W,2-1",4,4,0,0,0,0,0,0,0,0,0,0,0,0,0,0,0,0,.306,.371,.457,.828,4,1.68,-0.115,.98,-0.04%,-0.83,RF
2018-09-14,ATL,WSN,"W,10-5",5,3,1,2,0,0,0,3,2,0,1,0,0,0,0,0,0,0,.308,.374,.458,.832,4,.87,0.124,.41,0.04%,2.33,RF
2018-09-15,ATL,WSN,"L,1-7",4,4,0,0,0,0,0,0,0,0,0,0,0,0,0,0,0,0,.306,.372,.455,.827,4,.48,-0.049,.19,-0.01%,-0.66,RF
2018-09-16,ATL,WSN,"L,4-6",4,4,1,2,1,0,0,0,0,0,0,0,0,0,0,0,0,0,.307,.373,.457,.829,4,.65,0.041,.34,0.01%,0.21,RF
2018-09-17,ATL,STL,"L,6-11",5,4,0,1,1,0,0,1,1,0,0,0,0,0,0,0,0,0,.307,.373,.457,.830,4,1.07,0.127,.67,0.05%,0.93,RF
2018-09-18,ATL,STL,"L,1-8",5,5,0,1,1,0,0,0,0,0,1,0,0,0,0,0,0,0,.306,.371,.457,.828,4,.87,-0.076,.44,-0.02%,-1.06,RF
2018-09-19,ATL,STL,"W,7-3",4,4,0,0,0,0,0,0,0,0,1,0,0,0,0,0,0,0,.304,.369,.454,.823,4,.53,-0.029,.39,-0.01%,-0.45,RF
2018-09-20,ATL,PHI,"W,8-3",4,3,0,1,0,0,0,1,1,0,0,0,0,0,0,0,0,0,.304,.370,.453,.823,4,1.61,0.044,1.69,0.03%,0.41,RF
2018-09-21,ATL,PHI,"W,6-5",4,4,0,1,0,0,0,0,0,0,1,0,0,0,0,0,0,0,.303,.369,.452,.821,4,1.78,-0.149,1.09,-0.06%,-1.00,RF
2018-09-22,ATL,PHI,"W,5-3",4,3,0,0,0,0,0,0,1,0,0,0,0,0,0,0,0,0,.302,.369,.449,.818,4,.86,0.003,.26,0.00%,-0.33,RF
2018-09-23,ATL,PHI,"W,2-1",1,1,0,0,0,0,0,0,0,0,0,0,0,0,0,0,0,0,.301,.368,.449,.817,2,.62,-0.015,.19,0.00%,-0.16,RF
2018-09-25,ATL,NYM,"W,7-3",5,4,0,2,0,0,0,0,1,0,0,0,0,0,0,0,0,0,.303,.370,.449,.819,4,.82,0.008,.28,0.00%,0.30,RF
2018-09-26,ATL,NYM,"L,0-3",3,3,0,0,0,0,0,0,0,0,1,0,0,0,0,0,0,0,.301,.368,.447,.815,4,.82,-0.064,.30,-0.01%,-0.48,RF
2018-09-27,ATL,NYM,"L,1-4",4,4,0,0,0,0,0,0,0,0,1,0,0,0,0,0,0,0,.299,.366,.444,.810,3,1.37,-0.138,.65,-0.04%,-1.10,RF
2018-09-28,ATL,PHI,"W,10-2",5,5,1,0,0,0,0,0,0,0,2,0,0,0,0,0,0,0,.297,.363,.440,.804,4,.66,-0.093,.28,-0.02%,-1.64,RF
2018-09-29,ATL,PHI,"L,0-3",4,1,0,1,0,0,0,0,3,0,0,0,0,0,0,0,0,0,.298,.367,.441,.808,4,.77,0.121,.36,0.03%,1.15,RF
2018-09-30,ATL,PHI,"L,1-3",2,2,0,0,0,0,0,0,0,0,2,0,0,0,0,0,0,0,.297,.366,.440,.806,4,.97,-0.051,.61,-0.02%,-0.46,RF
2015-04-06,ATL,MIA,"W,2-1",4,4,0,1,0,0,0,2,0,0,1,0,0,0,0,0,1,0,.250,.250,.250,.500,3,1.31,0.154,1.44,0.10%,1.16,RF
2015-04-07,ATL,MIA,"W,12-2",5,4,2,2,0,0,0,1,1,0,0,0,0,0,0,0,0,0,.375,.444,.375,.819,3,.35,0.091,.42,0.06%,1.51,RF
2015-04-08,ATL,MIA,"W,2-0",4,3,0,0,0,0,0,0,1,0,0,0,0,0,0,0,0,0,.273,.385,.273,.657,3,.59,0.013,.69,0.01%,-0.03,RF
2015-04-10,ATL,NYM,"W,5-3",5,5,1,0,0,0,0,0,0,0,2,0,0,0,1,0,0,0,.188,.278,.188,.465,3,.85,-0.073,1.05,-0.06%,-0.96,RF
2015-04-11,ATL,NYM,"W,5-3",4,4,0,2,0,0,0,1,0,0,0,0,0,0,0,0,0,0,.250,.318,.250,.568,3,.38,0.032,.47,0.02%,0.81,RF
2015-04-12,ATL,NYM,"L,3-4",4,4,0,0,0,0,0,0,0,0,2,0,0,0,0,0,0,0,.208,.269,.208,.478,3,1.33,-0.125,1.71,-0.10%,-0.60,RF
2015-04-13,ATL,MIA,"W,3-2",4,2,0,1,0,0,0,1,2,0,0,0,0,0,0,0,0,0,.231,.333,.231,.564,3,.87,0.053,1.09,0.04%,0.78,RF
2015-04-14,ATL,MIA,"L,2-8",4,4,0,2,1,0,0,0,0,0,2,0,0,0,0,0,0,0,.267,.353,.300,.653,3,.48,0.026,.60,0.02%,0.16,RF
2015-04-17,ATL,TOR,"W,8-7",5,4,3,4,0,0,0,0,1,0,0,0,0,0,0,0,0,0,.353,.436,.382,.818,3,.96,0.167,1.05,0.11%,1.41,RF
2015-04-18,ATL,TOR,"L,5-6",5,2,1,1,0,0,0,0,3,0,0,0,0,0,0,0,0,0,.361,.477,.389,.866,3,1.25,-0.018,1.36,-0.01%,0.70,DH
2015-04-19,ATL,TOR,"W,5-2",4,4,1,2,0,0,0,0,0,0,0,0,0,0,0,0,0,0,.375,.479,.400,.879,3,.31,-0.001,.33,0.00%,-0.22,RF
2015-04-21,ATL,NYM,"L,1-7",4,3,0,1,0,0,0,0,1,0,0,0,0,0,1,0,0,0,.372,.481,.395,.876,2,.57,0.031,.79,0.03%,0.29,RF
2015-04-22,ATL,NYM,"L,2-3",4,4,0,1,0,0,0,0,0,0,0,0,0,0,0,0,0,0,.362,.464,.383,.847,3,.88,-0.061,1.25,-0.05%,-0.39,RF
2015-04-23,ATL,NYM,"L,3-6",4,4,1,2,1,0,0,0,0,0,0,0,0,0,0,0,0,0,.373,.467,.412,.878,3,.55,0.058,.72,0.05%,0.54,RF
2015-04-24,ATL,PHI,"L,0-1",3,3,0,0,0,0,0,0,0,0,0,0,0,0,0,1,0,0,.352,.444,.389,.833,3,.98,-0.098,1.06,-0.06%,-0.72,RF
2015-04-25,ATL,PHI,"W,5-2",5,4,1,2,0,0,0,0,1,0,0,0,0,0,0,0,0,0,.362,.456,.397,.852,1,.65,0.039,.68,0.03%,0.13,RF
2015-04-26,ATL,PHI,"L,4-5",5,4,1,0,0,0,0,0,1,0,2,0,0,0,0,1,0,0,.339,.438,.371,.809,1,1.42,-0.141,1.49,-0.09%,-0.74,RF
2015-04-27,ATL,WSN,"W,8-4",5,4,2,1,1,0,0,0,1,0,0,0,0,0,0,0,0,0,.333,.436,.379,.815,1,.53,-0.002,.56,0.00%,0.21,RF
2015-04-28,ATL,WSN,"L,12-13",6,4,2,1,0,0,0,0,2,1,0,0,0,0,0,0,0,0,.329,.440,.371,.812,1,.61,0.023,.65,0.02%,-0.03,RF
2015-04-29,ATL,WSN,"L,4-13",4,4,1,2,0,0,0,0,0,0,1,0,0,0,0,1,0,0,.338,.443,.378,.822,1,1.12,-0.060,1.20,-0.04%,-0.30,RF
2015-04-30,ATL,CIN,"L,1-5",4,3,0,1,0,0,0,0,1,0,0,0,0,0,0,0,0,0,.338,.446,.377,.822,1,.77,0.008,.70,0.00%,0.44,RF
2015-05-01,ATL,CIN,"W,4-3",4,4,0,0,0,0,0,0,0,0,2,0,0,0,0,0,0,0,.321,.427,.358,.785,1,1.17,-0.123,1.09,-0.07%,-1.03,RF
2015-05-02,ATL,CIN,"L,4-8",4,4,0,0,0,0,0,0,0,0,2,0,0,0,0,0,0,0,.306,.410,.341,.751,1,1.17,-0.114,1.10,-0.07%,-1.01,RF
2015-05-03,ATL,CIN,"W,5-0",4,4,0,0,0,0,0,0,0,0,1,0,0,0,0,0,0,0,.292,.394,.326,.720,1,.52,-0.028,.49,-0.02%,-0.60,RF
2015-05-04,ATL,PHI,"L,2-5",5,5,0,2,0,0,0,1,0,0,1,0,0,0,0,0,0,0,.298,.394,.330,.724,1,1.02,-0.042,1.00,-0.03%,0.39,RF
2015-05-05,ATL,PHI,"W,9-0",5,5,0,1,0,0,0,0,0,0,2,0,0,0,0,0,0,0,.293,.386,.323,.709,1,.30,-0.011,.30,-0.01%,-1.57,RF
2015-05-06,ATL,PHI,"W,7-5",4,4,1,2,1,0,0,2,0,0,0,0,0,0,0,0,0,0,.301,.390,.340,.730,1,.74,0.071,.75,0.04%,1.27,RF
2015-05-08,ATL,WSN,"L,2-9",4,4,0,1,0,0,0,0,0,0,1,0,0,0,0,0,0,0,.299,.385,.336,.722,1,.89,0.013,.98,0.01%,-0.15,RF
2015-05-09,ATL,WSN,"L,6-8",5,4,0,1,0,0,0,0,0,0,0,1,0,0,0,0,0,0,.297,.386,.333,.719,1,.84,-0.022,.91,-0.01%,0.19,RF
2015-05-10,ATL,WSN,"L,4-5",5,4,0,1,0,0,0,0,1,0,1,0,0,0,0,0,0,0,.296,.386,.330,.717,1,1.17,-0.060,1.14,-0.04%,-0.60,RF
2015-05-11,ATL,CIN,"W,2-1",5,5,0,2,0,0,0,0,0,0,1,0,0,0,0,0,0,0,.300,.387,.333,.720,1,1.90,-0.027,1.51,-0.01%,-0.43,RF
2015-05-12,ATL,CIN,"L,3-4",5,4,0,2,1,0,0,1,1,1,1,0,0,0,0,0,0,0,.306,.394,.347,.741,1,1.53,0.117,1.33,0.06%,0.92,RF
2015-05-13,ATL,CIN,"L,1-5",4,2,0,0,0,0,0,1,2,0,0,0,0,0,0,0,0,0,.302,.397,.341,.739,1,.59,0.053,.51,0.03%,1.06,RF
2015-05-15,ATL,MIA,"W,5-3",4,4,1,2,1,0,0,0,0,0,1,0,0,0,0,0,0,0,.308,.400,.354,.754,4,1.38,0.032,1.21,0.02%,-0.23,RF
2015-05-16,ATL,MIA,"W,5-3",4,4,0,1,0,0,0,0,0,0,0,0,0,0,0,0,0,0,.306,.396,.351,.747,4,.52,-0.027,.52,-0.02%,-0.39,RF
2015-05-17,ATL,MIA,"W,6-0",4,4,1,1,0,0,0,0,0,0,0,0,0,0,0,0,0,0,.304,.392,.348,.740,4,.39,0.023,.39,0.01%,-0.32,RF
2015-05-19,ATL,TBR,"L,3-5",4,3,1,0,0,0,0,0,1,0,1,0,0,0,0,0,0,0,.298,.389,.340,.729,4,.99,-0.030,.90,-0.02%,-0.13,RF
2015-05-20,ATL,TBR,"W,2-1",4,4,0,1,0,0,0,0,0,0,0,0,0,0,0,0,0,0,.297,.386,.338,.723,4,1.08,0.015,.96,0.01%,-0.08,RF
2015-05-21,ATL,MIL,"W,10-1",5,4,0,2,1,0,0,2,1,0,0,0,0,0,0,0,0,0,.302,.392,.349,.741,4,.53,0.118,.52,0.07%,2.06,RF
2015-05-22,ATL,MIL,"L,0-11",3,3,0,1,0,0,0,0,0,0,0,0,0,0,0,0,0,0,.303,.391,.349,.739,4,.93,-0.023,.93,-0.01%,-0.37,RF
2015-05-23,ATL,MIL,"W,3-2",5,4,0,2,1,0,0,0,1,1,2,0,0,0,0,0,0,0,.308,.397,.359,.756,4,1.43,-0.042,1.36,-0.02%,-0.12,RF
2015-05-24,ATL,MIL,"W,2-1",4,3,0,1,0,0,0,0,1,0,1,0,0,0,0,0,0,0,.308,.399,.358,.757,4,1.28,0.052,1.32,0.03%,0.63,RF
2015-05-25,ATL,LAD,"L,3-6",4,4,0,0,0,0,0,0,0,0,0,0,0,0,0,1,0,0,.301,.390,.350,.740,4,1.03,-0.124,1.09,-0.08%,-0.98,RF
2015-05-26,ATL,LAD,"L,0-8",4,4,0,3,1,0,0,0,0,0,0,0,0,0,0,0,0,0,.311,.398,.365,.763,4,.21,-0.007,.22,-0.01%,1.59,RF
2015-05-27,ATL,LAD,"W,3-2",4,3,0,1,1,0,0,1,1,0,1,0,0,0,0,0,0,0,.312,.400,.371,.771,4,1.20,0.155,1.22,0.10%,1.57,RF
2015-05-28,ATL,SFG,"L,0-7",4,3,0,0,0,0,0,0,1,0,1,0,0,0,0,0,0,0,.306,.397,.364,.761,4,1.05,-0.083,1.03,-0.05%,-0.72,RF
2015-05-29,ATL,SFG,"L,2-4",4,3,0,0,0,0,0,0,1,0,0,0,0,0,0,0,0,0,.301,.394,.358,.752,4,.90,-0.020,.86,-0.01%,-0.28,RF
2015-05-30,ATL,SFG,"W,8-0",5,4,1,1,0,0,0,0,1,0,1,0,0,0,0,0,0,0,.300,.394,.356,.750,4,.46,0.021,.44,0.01%,0.08,RF
2015-05-31,ATL,SFG,"W,7-5",5,5,0,0,0,0,0,0,0,0,0,0,0,0,0,0,0,0,.292,.385,.346,.731,3,.99,-0.121,1.01,-0.07%,-1.03,RF
2015-06-01,ATL,ARI,"W,8-1",5,5,0,2,0,0,0,0,0,0,0,0,0,0,1,0,0,0,.295,.385,.347,.733,4,.34,0.023,.36,0.02%,1.23,RF
2015-06-02,ATL,ARI,"L,6-7",4,4,1,2,2,0,0,1,0,0,0,0,0,0,0,0,0,0,.299,.387,.361,.748,4,.95,0.088,1.09,0.06%,0.91,RF
2015-06-03,ATL,ARI,"L,8-9",5,5,0,3,2,0,0,1,0,0,1,0,0,0,0,0,0,0,.307,.392,.377,.769,4,.51,0.117,.55,0.08%,1.43,RF
2015-06-05,ATL,PIT,"L,8-10",5,3,1,1,0,0,0,0,2,0,0,0,0,0,0,1,0,0,.307,.397,.376,.773,4,1.76,0.009,1.90,0.01%,-0.19,RF
2015-06-06,ATL,PIT,"W,5-4",4,4,0,0,0,0,0,0,0,0,0,0,0,0,0,0,0,0,.301,.390,.369,.759,4,.91,-0.094,.94,-0.06%,-0.72,RF
2015-06-07,ATL,PIT,"L,0-3",4,4,0,0,0,0,0,0,0,0,1,0,0,0,0,0,0,0,.295,.383,.362,.745,4,1.47,-0.162,1.69,-0.11%,-1.50,RF
2015-06-08,ATL,SDP,"L,3-5",5,4,0,1,1,0,0,1,1,0,0,0,0,0,0,0,0,0,.294,.384,.364,.748,4,1.01,0.041,1.02,0.03%,0.80,RF
2015-06-09,ATL,SDP,"W,6-5",4,4,1,3,0,0,0,1,0,0,0,0,0,0,1,0,0,0,.303,.390,.372,.761,4,1.00,0.144,.95,0.08%,1.47,RF
2015-06-10,ATL,SDP,"W,4-1",4,3,1,2,0,0,0,0,1,0,0,0,0,0,0,0,0,0,.308,.395,.376,.771,4,.66,0.047,.69,0.03%,0.13,RF
2015-06-11,ATL,SDP,"L,4-6",5,2,0,0,0,0,0,0,3,1,1,0,0,0,0,0,0,0,.305,.399,.372,.771,4,1.45,0.009,1.64,0.01%,0.52,RF
2015-06-12,ATL,NYM,"L,3-5",5,5,0,0,0,0,0,0,0,0,0,0,0,0,0,2,0,0,.298,.392,.364,.756,4,3.53,-0.616,4.79,-0.50%,-3.66,RF
2015-06-13,ATL,NYM,"W,5-3",6,5,0,1,0,0,0,0,1,1,1,0,0,0,2,0,0,0,.296,.390,.361,.751,4,1.24,-0.070,1.62,-0.06%,0.15,RF
2015-06-14,ATL,NYM,"L,8-10",5,4,2,2,1,0,0,1,1,0,0,0,0,0,0,0,0,0,.300,.394,.367,.761,4,.90,0.062,1.23,0.05%,1.04,RF
2015-06-15,ATL,BOS,"W,4-2",4,4,1,2,0,0,0,1,0,0,0,0,0,0,0,0,0,0,.303,.396,.369,.765,4,.96,0.219,.91,0.13%,1.72,RF
2015-06-16,ATL,BOS,"L,4-9",4,4,0,1,0,0,0,1,0,0,1,0,0,0,0,0,0,0,.302,.394,.367,.761,5,.97,0.001,.99,0.00%,-0.06,RF
2015-06-17,ATL,BOS,"W,5-2",5,4,2,1,0,0,0,1,1,0,1,0,0,0,0,0,0,0,.301,.394,.365,.759,4,1.56,0.113,1.43,0.06%,0.19,RF
2015-06-18,ATL,BOS,"L,2-5",4,2,1,0,0,0,0,0,2,0,1,0,0,0,0,1,0,0,.299,.395,.363,.758,3,1.19,-0.072,1.26,-0.05%,-0.50,RF
2015-06-19,ATL,NYM,"W,2-1",4,4,0,1,0,0,0,0,0,0,0,0,0,0,0,0,0,0,.298,.393,.361,.754,4,1.10,-0.074,1.46,-0.06%,-0.24,RF
2015-06-20,ATL,NYM,"W,6-4",4,4,0,1,0,0,0,0,0,0,1,0,0,0,0,0,0,0,.297,.391,.359,.750,4,.53,-0.029,.74,-0.02%,-0.38,RF
2015-06-21,ATL,NYM,"W,1-0",4,4,0,0,0,0,0,0,0,0,1,0,0,0,0,0,0,0,.293,.386,.354,.740,4,.89,-0.092,1.32,-0.08%,-0.87,RF
2015-06-23,ATL,WSN,"L,1-3",4,4,0,3,0,0,0,0,0,0,0,0,0,0,0,0,0,0,.300,.391,.360,.750,3,.71,0.055,1.18,0.06%,0.40,RF
2015-06-24,ATL,WSN,"L,1-2",5,5,1,3,0,0,0,0,0,0,1,0,0,0,0,0,0,0,.305,.394,.364,.758,3,1.51,0.080,2.53,0.08%,0.30,RF
2015-06-25,ATL,WSN,"L,0-7",4,4,0,0,0,0,0,0,0,0,0,0,0,0,0,0,0,0,.301,.389,.359,.748,3,.28,-0.028,.43,-0.03%,-0.89,RF
2015-06-26,ATL,PIT,"L,2-3",4,4,0,0,0,0,0,0,0,0,0,0,0,0,0,1,0,0,.296,.384,.354,.738,3,1.34,-0.150,1.40,-0.09%,-1.20,RF
2015-06-27,ATL,PIT,"L,4-8",4,4,0,2,0,0,0,1,0,0,1,0,0,0,0,0,0,0,.299,.386,.356,.741,3,.78,-0.014,.71,-0.01%,0.26,RF
2015-06-28,ATL,PIT,"W,2-1",4,3,0,1,0,0,0,1,1,0,1,0,0,0,0,0,0,0,.300,.387,.355,.743,3,.92,0.118,.74,0.06%,0.79,RF
2015-06-30,ATL,WSN,"L,1-6",4,4,0,2,0,0,0,0,0,0,1,0,0,0,0,0,0,0,.302,.389,.357,.746,3,.29,-0.001,.34,0.00%,0.14,RF
2015-07-01,ATL,WSN,"W,4-1",4,4,0,1,0,0,0,0,0,0,0,0,0,0,0,0,0,0,.302,.387,.356,.743,3,.79,-0.064,.80,-0.04%,-0.46,RF
2015-07-02,ATL,WSN,"W,2-1",3,3,0,0,0,0,0,0,0,0,1,0,0,0,0,0,0,0,.299,.383,.352,.736,3,.89,-0.065,1.05,-0.05%,-0.45,RF
2015-07-03,ATL,PHI,"W,2-1",4,2,0,1,0,0,0,0,2,0,0,0,0,0,0,0,0,0,.300,.388,.353,.741,3,1.14,0.033,1.11,0.02%,0.58,RF
2015-07-04,ATL,PHI,"W,9-5",5,4,2,1,1,0,0,2,1,0,0,0,0,0,0,0,0,0,.299,.388,.355,.743,3,.40,0.044,.40,0.03%,1.55,RF
2015-07-05,ATL,PHI,"L,0-4",4,4,0,0,0,0,0,0,0,0,0,0,0,0,0,0,0,0,.295,.384,.351,.734,3,1.20,-0.116,1.21,-0.07%,-0.72,RF
2015-07-06,ATL,MIL,"W,5-3",5,5,1,2,2,0,0,1,0,0,1,0,0,0,0,0,0,0,.297,.384,.358,.742,2,.91,0.108,.84,0.06%,1.09,RF
2015-07-07,ATL,MIL,"W,4-3",4,4,0,1,0,0,0,1,0,0,0,0,0,0,0,0,0,0,.297,.382,.356,.739,3,.77,0.017,.82,0.01%,0.32,RF
2015-07-08,ATL,MIL,"L,5-6",4,4,0,1,1,0,0,1,0,0,0,0,0,0,0,0,0,0,.296,.381,.358,.739,3,.61,0.106,.74,0.08%,0.77,RF
2015-07-09,ATL,COL,"L,3-5",4,4,0,1,0,0,0,0,0,0,2,0,0,0,0,1,0,0,.295,.379,.357,.736,3,1.15,-0.117,1.21,-0.07%,-0.93,RF
2015-07-10,ATL,COL,"L,3-5",4,3,1,1,0,0,0,0,0,0,0,1,0,0,0,0,0,0,.296,.381,.357,.737,3,.59,0.012,.60,0.01%,0.24,RF
2015-07-11,ATL,COL,"L,2-3",4,4,0,1,0,0,0,0,0,0,2,0,0,0,0,0,0,0,.295,.379,.355,.735,3,1.23,-0.017,1.16,-0.01%,-0.32,RF
2015-07-12,ATL,COL,"L,3-11",4,2,1,0,0,0,0,0,2,0,1,0,0,0,0,0,0,0,.293,.381,.353,.734,3,1.13,0.043,.90,0.02%,0.14,RF
2015-07-17,ATL,CHC,"W,4-2",4,4,1,1,1,0,0,1,0,0,1,0,0,0,0,0,1,0,.293,.379,.355,.734,3,1.21,0.056,.85,0.02%,0.52,RF
2015-07-18,ATL,CHC,"L,0-4",4,4,0,0,0,0,0,0,0,0,1,0,0,0,1,0,0,0,.289,.375,.351,.726,3,.71,-0.047,.53,-0.02%,-0.38,RF
2015-07-19,ATL,CHC,"L,1-4",4,4,0,0,0,0,0,0,0,0,1,0,0,0,0,0,0,0,.286,.372,.347,.718,3,1.21,-0.116,.86,-0.05%,-1.07,RF
2015-07-20,ATL,LAD,"W,7-5",4,3,2,2,1,0,1,2,1,0,1,0,0,0,0,0,0,0,.289,.375,.361,.736,3,.74,0.244,.43,0.09%,2.18,RF
2015-07-21,ATL,LAD,"W,4-3",4,4,2,2,0,1,0,1,0,0,1,0,0,0,0,0,0,0,.292,.377,.368,.745,3,1.02,0.162,.69,0.07%,1.12,RF
2015-07-22,ATL,LAD,"L,1-3",4,4,0,0,0,0,0,0,0,0,0,0,0,0,0,1,0,0,.289,.373,.364,.737,3,1.54,-0.152,1.14,-0.07%,-1.06,RF
2015-07-24,ATL,STL,"L,2-4",4,4,0,1,0,0,0,0,0,0,1,0,0,0,0,0,0,0,.288,.372,.363,.735,3,.58,0.012,.39,0.01%,-0.09,RF
2015-07-25,ATL,STL,"L,0-1",4,4,0,1,0,0,0,0,0,0,0,0,0,0,0,1,0,0,.288,.370,.362,.732,3,1.11,-0.002,.73,0.00%,-0.44,RF
2015-07-26,ATL,STL,"W,3-2",5,5,0,1,0,0,0,0,0,0,0,0,0,0,1,0,0,0,.286,.368,.359,.728,3,.92,-0.046,.48,-0.01%,-0.59,RF
2015-07-27,ATL,BAL,"L,1-2",5,5,0,2,1,0,0,0,0,0,0,0,0,0,0,0,0,0,.288,.369,.363,.731,1,1.51,-0.059,.92,-0.02%,-0.04,RF
2015-07-28,ATL,BAL,"L,3-7",5,4,1,2,0,0,0,0,1,0,1,0,0,0,0,0,0,0,.290,.371,.364,.736,1,.76,-0.016,.40,-0.01%,0.09,RF
2015-07-29,ATL,BAL,"L,0-2",4,4,0,1,0,0,0,0,0,0,1,0,0,0,0,0,0,0,.290,.370,.363,.733,1,.95,-0.020,.46,-0.01%,-0.17,DH
2015-07-30,ATL,PHI,"L,1-4",5,4,1,2,0,0,0,0,1,0,1,0,0,0,0,0,0,0,.292,.373,.364,.737,1,1.14,0.113,.42,0.03%,1.00,RF
2015-07-31,ATL,PHI,"L,3-9",4,4,0,1,0,0,0,0,0,0,1,0,0,0,0,0,0,0,.292,.372,.363,.735,1,.44,-0.041,.13,-0.01%,-0.15,RF
2015-08-01,ATL,PHI,"L,2-12",4,4,1,1,0,0,1,1,0,0,0,0,0,0,0,0,0,0,.291,.371,.370,.740,1,.64,0.061,.16,0.01%,0.34,RF
2015-08-03,ATL,SFG,"W,9-8",6,6,0,3,0,0,0,1,0,0,0,0,0,0,0,0,0,0,.294,.373,.372,.744,1,.92,0.007,.24,0.00%,0.75,RF
2015-08-04,ATL,SFG,"L,3-8",5,5,0,1,0,0,0,2,0,0,0,0,0,0,0,0,0,0,.293,.371,.369,.740,1,1.33,0.153,.45,0.03%,0.40,RF
2015-08-05,ATL,SFG,"L,1-6",4,4,0,2,1,0,0,0,0,0,0,0,0,0,0,0,0,0,.295,.372,.373,.745,1,.56,0.061,.12,0.01%,0.47,RF
2015-08-06,ATL,MIA,"W,9-8",5,4,0,1,1,0,0,3,0,0,0,0,0,1,0,0,0,0,.295,.370,.374,.744,3,.83,0.158,.13,0.02%,1.48,RF
2015-08-07,ATL,MIA,"W,6-3",4,4,1,3,0,0,0,2,0,0,0,0,0,0,0,0,0,0,.299,.373,.378,.751,3,1.63,0.281,.29,0.03%,2.56,RF
2015-08-08,ATL,MIA,"W,7-2",5,5,1,3,0,0,0,1,0,0,0,0,0,0,0,1,0,0,.303,.376,.381,.756,3,.82,0.134,.15,0.02%,-0.23,RF
2015-08-09,ATL,MIA,"L,1-4",4,4,0,0,0,0,0,0,0,0,2,0,0,0,0,0,0,0,.300,.372,.377,.749,3,1.71,-0.181,.48,-0.03%,-1.09,RF
2015-08-11,ATL,TBR,"L,0-2",4,4,0,2,1,0,0,0,0,0,0,0,0,0,0,0,0,0,.302,.373,.381,.754,3,.79,0.002,.16,0.00%,-0.13,DH
2015-08-12,ATL,TBR,"L,6-9",4,4,0,1,0,0,0,0,0,0,1,0,0,0,0,0,0,0,.301,.372,.379,.752,3,.65,-0.029,.10,0.00%,-0.31,RF
2015-08-14,ATL,ARI,"W,3-2",4,4,0,0,0,0,0,0,0,0,0,0,0,0,0,1,0,0,.298,.369,.376,.745,3,.78,-0.091,.06,0.00%,-1.25,RF
2015-08-15,ATL,ARI,"L,4-8",4,4,0,0,0,0,0,0,0,0,0,0,0,0,0,0,0,0,.296,.366,.372,.739,3,.61,-0.059,.09,-0.01%,-0.91,RF
2015-08-16,ATL,ARI,"W,2-1",4,3,0,1,0,0,0,0,1,0,0,0,0,0,0,0,0,0,.296,.367,.372,.740,3,1.66,-0.028,.23,0.00%,-0.20,RF
2015-08-17,ATL,SDP,"L,3-5",4,4,1,1,0,0,0,0,0,0,1,0,0,0,0,0,0,0,.296,.367,.371,.738,3,.81,-0.021,.19,0.00%,-0.11,RF
2015-08-18,ATL,SDP,"L,0-9",4,4,0,0,0,0,0,0,0,0,1,0,0,0,0,0,0,0,.293,.364,.368,.731,3,.82,-0.081,.13,-0.01%,-0.82,RF
2015-08-19,ATL,SDP,"L,2-3",4,3,0,3,1,0,0,2,1,0,0,0,0,0,0,0,0,0,.298,.369,.374,.743,4,1.38,0.351,.15,0.02%,2.84,RF
2015-08-20,ATL,CHC,"L,1-7",4,4,1,1,0,0,0,0,0,0,0,0,0,0,0,0,0,0,.297,.368,.373,.741,1,.56,-0.056,.05,0.00%,-0.51,RF
2015-08-21,ATL,CHC,"L,3-5",5,5,1,2,1,0,0,2,0,0,0,0,0,0,0,0,0,0,.298,.368,.376,.744,1,1.34,0.163,.07,0.01%,1.44,RF
2015-08-22,ATL,CHC,"L,7-9",5,5,1,1,1,0,0,0,0,0,0,0,0,0,0,0,0,0,.297,.366,.376,.742,1,1.17,-0.090,.05,0.00%,-0.81,RF
2015-08-23,ATL,CHC,"L,3-9",5,5,0,1,0,0,0,0,0,0,0,0,0,0,0,0,0,0,.296,.365,.374,.739,1,.34,-0.035,.00,0.00%,-0.48,RF
2015-08-24,ATL,COL,"W,5-3",5,5,0,3,1,0,0,1,0,0,0,0,0,0,0,0,0,0,.299,.367,.378,.745,1,.69,0.068,.01,0.00%,1.15,RF
2015-08-25,ATL,COL,"L,1-5",5,3,0,2,0,0,0,1,2,0,0,0,0,0,0,0,0,1,.302,.371,.380,.751,1,.88,0.156,.01,0.00%,1.61,RF
2015-08-26,ATL,COL,"L,3-6",5,4,0,1,0,0,0,0,1,0,1,0,0,0,0,0,0,0,.301,.371,.379,.750,1,.72,-0.020,.00,0.00%,-0.04,RF
2015-08-28,ATL,NYY,"L,4-15",5,5,1,1,0,0,0,0,0,0,2,0,0,0,0,0,0,0,.300,.370,.377,.747,1,.16,0.017,.00,0.00%,-0.49,RF
2015-08-29,ATL,NYY,"L,1-3",5,5,0,1,0,0,0,0,0,0,2,0,0,0,0,0,0,0,.299,.368,.376,.744,1,1.19,-0.080,.00,0.00%,-0.28,RF
2015-08-30,ATL,NYY,"L,6-20",5,4,1,2,0,0,0,0,1,0,0,0,0,0,0,0,0,0,.301,.370,.376,.747,1,.50,0.038,.00,0.00%,0.12,RF
2015-08-31,ATL,MIA,"L,0-4",4,4,0,0,0,0,0,0,0,0,1,0,0,0,0,0,0,0,.298,.368,.374,.741,1,1.01,-0.102,.00,0.00%,-0.78,RF
2015-09-01,ATL,MIA,"L,1-7",5,4,0,1,0,0,0,0,0,0,0,1,0,0,0,0,0,0,.298,.368,.373,.741,1,.82,0.108,.00,0.00%,0.59,RF
2015-09-03,ATL,WSN,"L,1-15",4,3,0,0,0,0,0,0,1,0,1,0,0,0,0,0,0,0,.296,.367,.370,.738,1,.28,0.030,.00,0.00%,-0.10,RF
2015-09-04,ATL,WSN,"L,2-5",5,3,1,0,0,0,0,0,2,0,0,0,0,0,0,0,0,0,.295,.367,.368,.736,1,.93,-0.020,.00,0.00%,-0.44,RF
2015-09-05,ATL,WSN,"L,2-8",5,4,1,1,0,0,0,0,1,0,0,0,0,0,1,0,0,0,.294,.368,.367,.735,1,.30,-0.030,.00,0.00%,0.82,RF
2015-09-06,ATL,WSN,"L,4-8",5,5,1,2,1,0,0,0,0,0,1,0,0,0,0,0,0,0,.295,.368,.370,.737,1,.62,0.050,.00,0.00%,0.11,RF
2015-09-07,ATL,PHI,"W,7-2",5,3,3,2,2,0,0,0,2,2,0,0,0,0,0,0,0,0,.297,.372,.375,.747,1,.73,0.076,.00,0.00%,1.14,RF
2015-09-08,ATL,PHI,"L,0-5",4,4,0,1,0,0,0,0,0,0,2,0,0,0,0,0,0,0,.297,.371,.374,.745,1,1.44,-0.091,.00,0.00%,-0.93,RF
2015-09-09,ATL,PHI,"W,8-1",6,4,2,2,1,0,0,1,2,1,0,0,0,0,0,0,0,0,.299,.374,.377,.751,1,.82,0.065,.00,0.00%,1.21,RF
2015-09-10,ATL,NYM,"L,2-7",4,4,0,0,0,0,0,0,0,0,0,0,0,0,0,0,0,0,.296,.371,.374,.745,1,.88,-0.091,.00,0.00%,-0.73,RF
2015-09-11,ATL,NYM,"L,1-5",5,5,0,2,1,0,0,0,0,0,2,0,0,0,0,0,0,0,.297,.372,.376,.748,1,.92,-0.036,.00,0.00%,0.01,RF
2015-09-12,ATL,NYM,"L,4-6",4,3,1,0,0,0,0,0,1,0,0,0,0,0,0,0,0,0,.296,.371,.374,.745,1,.99,-0.002,.00,0.00%,0.20,RF
2015-09-13,ATL,NYM,"L,7-10",6,6,1,2,0,0,0,0,0,0,0,0,0,0,1,0,0,0,.296,.370,.374,.744,1,1.47,-0.045,.00,0.00%,-0.07,RF
2015-09-15,ATL,TOR,"W,3-2",4,4,1,2,1,0,0,0,0,0,0,0,0,0,0,0,0,0,.297,.371,.376,.748,1,1.07,0.070,.00,0.00%,0.37,RF
2015-09-16,ATL,TOR,"L,1-9",5,5,1,2,1,0,0,0,0,0,0,0,0,0,0,1,0,0,.298,.371,.378,.750,1,.54,-0.019,.00,0.00%,-0.82,RF
2015-09-17,ATL,TOR,"L,0-5",4,4,0,0,0,0,0,0,0,0,0,0,0,0,0,1,0,0,.296,.369,.376,.745,1,.70,-0.091,.00,0.00%,-1.05,RF
2015-09-18,ATL,PHI,"W,2-1",4,4,1,1,0,0,0,0,0,0,1,0,0,0,0,0,0,0,.296,.368,.375,.743,1,.62,-0.004,.00,0.00%,-0.08,RF
2015-09-19,ATL,PHI,"W,2-1",4,3,1,2,0,0,0,0,1,0,0,0,0,0,0,0,0,0,.298,.371,.376,.747,1,1.34,0.146,.00,0.00%,0.77,RF
2015-09-22,ATL,NYM,"W,6-2",5,4,1,1,0,0,0,0,1,1,0,0,0,0,0,0,0,0,.298,.371,.375,.746,1,.89,0.001,.00,0.00%,-0.40,RF
2015-09-23,ATL,NYM,"W,6-3",5,4,0,1,0,0,0,0,1,1,1,0,0,0,0,0,0,0,.297,.371,.375,.746,1,1.07,0.024,.00,0.00%,0.09,RF
2015-09-25,ATL,MIA,"L,11-12",4,4,1,1,0,0,1,1,0,0,0,0,0,0,0,0,0,0,.297,.370,.379,.749,1,.79,0.050,.00,0.00%,0.36,RF
2015-09-26,ATL,MIA,"L,2-6",5,4,0,1,0,0,0,1,1,0,0,0,0,0,0,0,0,0,.297,.371,.378,.749,1,1.40,0.072,.00,0.00%,0.30,RF
2015-09-27,ATL,MIA,"L,5-9",5,3,1,1,0,0,0,0,2,1,1,0,0,0,0,0,0,0,.297,.372,.378,.750,1,.98,0.028,.00,0.00%,0.35,RF
2015-09-29,ATL,WSN,"W,2-1",4,3,0,0,0,0,0,0,1,0,1,0,0,0,0,0,0,0,.295,.372,.376,.747,1,.89,-0.032,.00,0.00%,-0.42,RF
2015-09-30,ATL,WSN,"W,2-0",4,4,1,1,1,0,0,0,0,0,0,0,0,0,0,0,0,0,.295,.371,.377,.748,3,.34,-0.003,.00,0.00%,-0.24,RF
2015-10-01,ATL,WSN,"L,0-3",4,4,0,1,0,0,0,0,0,0,0,0,0,0,0,1,0,0,.295,.370,.376,.746,3,1.23,-0.072,.00,0.00%,-0.79,RF
2015-10-02,ATL,STL,"W,4-0",5,5,1,2,0,0,0,1,0,0,0,0,0,0,1,0,0,0,.296,.370,.376,.746,3,.55,-0.003,.00,0.00%,0.26,RF
2015-10-04,ATL,STL,"W,6-0",3,3,1,1,0,0,0,1,0,0,2,0,0,0,0,0,0,0,.296,.370,.376,.746,3,.73,0.062,.00,0.00%,0.50,RF
2016-04-04,ATL,WSN,"L,3-4",4,3,0,0,0,0,0,0,1,0,2,0,0,0,0,0,0,0,.000,.250,.000,.250,5,1.20,-0.025,1.30,-0.02%,-0.77,RF
2016-04-06,ATL,WSN,"L,1-3",4,3,1,1,0,0,0,0,1,0,0,0,0,0,0,0,0,0,.167,.375,.167,.542,5,1.31,0.076,1.38,0.05%,0.19,RF
2016-04-08,ATL,STL,"L,4-7",4,4,1,1,0,0,0,1,0,0,0,0,0,0,0,0,0,0,.200,.333,.200,.533,5,1.72,-0.044,1.54,-0.02%,-0.07,RF
2016-04-09,ATL,STL,"L,2-12",4,4,1,1,1,0,0,1,0,0,0,0,0,0,0,0,0,0,.214,.313,.286,.598,2,.85,0.056,.67,0.03%,0.19,RF
2016-04-10,ATL,STL,"L,7-12",6,6,1,3,3,0,0,2,0,0,2,0,0,0,0,0,0,0,.300,.364,.500,.864,2,1.87,0.156,1.47,0.07%,1.19,RF
2016-04-11,ATL,WSN,"L,4-6",4,4,0,2,2,0,0,2,0,0,0,0,0,0,0,1,0,0,.333,.385,.583,.968,2,1.50,0.157,1.20,0.08%,1.75,RF
2016-04-12,ATL,WSN,"L,1-2",4,3,0,0,0,0,0,0,1,0,0,0,0,0,0,0,0,0,.296,.367,.519,.885,2,1.17,-0.030,.96,-0.02%,-0.19,RF
2016-04-13,ATL,WSN,"L,0-3",4,2,0,0,0,0,0,0,2,0,0,0,0,0,0,0,0,0,.276,.382,.483,.865,2,.81,0.003,.59,0.00%,-0.03,RF
2016-04-14,ATL,WSN,"L,2-6",4,4,0,2,1,0,0,2,0,0,0,0,0,0,0,0,0,0,.303,.395,.515,.910,2,.69,0.088,.46,0.04%,1.63,RF
2016-04-15,ATL,MIA,"W,6-3",4,3,1,1,0,0,0,1,1,0,1,0,0,0,0,0,0,0,.306,.405,.500,.905,1,1.88,0.225,1.02,0.07%,0.94,RF
2016-04-16,ATL,MIA,"W,6-4",5,5,1,3,1,0,0,3,0,0,0,0,0,0,0,0,0,0,.341,.426,.537,.962,1,1.25,0.295,.81,0.12%,2.49,RF
2016-04-17,ATL,MIA,"W,6-5",5,4,1,1,1,0,0,0,1,0,1,0,0,0,0,0,0,0,.333,.423,.533,.956,1,.45,0.050,.30,0.02%,0.20,RF
2016-04-19,ATL,LAD,"W,8-1",5,4,0,1,0,0,0,0,0,0,1,1,0,0,0,0,0,0,.327,.421,.510,.931,1,.30,0.035,.19,0.01%,-0.18,RF
2016-04-20,ATL,LAD,"L,3-5",5,3,0,0,0,0,0,0,2,1,0,0,0,0,1,0,0,0,.308,.419,.481,.900,1,1.32,0.020,.89,0.01%,0.21,RF
2016-04-21,ATL,LAD,"L,1-2",1,1,0,0,0,0,0,0,0,0,1,0,0,0,0,0,0,0,.302,.413,.472,.884,9,3.43,-0.087,2.17,-0.03%,-0.23,RF
2016-04-22,ATL,NYM,"L,3-6",5,4,0,0,0,0,0,0,1,0,2,0,0,0,0,0,0,0,.281,.397,.439,.836,1,1.07,-0.075,.73,-0.03%,-0.83,RF
2016-04-23,ATL,NYM,"L,2-8",5,4,1,1,0,0,0,1,0,0,1,1,0,0,0,0,0,0,.279,.397,.426,.823,1,.64,0.039,.38,0.01%,0.61,RF
2016-04-24,ATL,NYM,"L,2-3",5,5,0,3,0,0,0,1,0,0,1,0,0,0,0,0,0,0,.303,.410,.439,.850,1,1.50,0.199,.76,0.06%,0.85,RF
2016-04-25,ATL,BOS,"L,0-1",4,2,0,0,0,0,0,0,2,0,1,0,0,0,0,0,0,0,.294,.415,.426,.841,1,1.10,0.066,.42,0.02%,0.13,RF
2016-04-26,ATL,BOS,"L,4-11",5,5,0,0,0,0,0,1,0,0,1,0,0,0,0,0,0,0,.274,.391,.397,.788,1,.80,-0.107,.25,-0.02%,-0.98,RF
2016-04-27,ATL,BOS,"L,4-9",5,4,1,1,1,0,0,1,1,0,0,0,0,0,0,0,0,0,.273,.391,.403,.794,1,.51,-0.025,.13,0.00%,0.75,RF
2016-04-28,ATL,BOS,"W,5-3",5,5,0,4,1,0,0,3,0,0,0,0,0,0,0,0,0,0,.305,.412,.439,.851,1,.79,0.261,.21,0.04%,2.67,RF
2016-04-29,ATL,CHC,"L,1-6",4,4,0,1,0,0,0,0,0,0,1,0,0,0,0,0,0,0,.302,.406,.430,.836,1,1.94,-0.109,.54,-0.02%,-0.78,RF
2016-05-01,ATL,CHC,"W,4-3",5,2,1,0,0,0,0,1,2,0,0,0,0,1,0,0,0,0,.295,.406,.420,.826,1,1.77,0.205,.41,0.03%,0.64,RF
2016-05-02,ATL,NYM,"L,1-4",4,4,0,1,0,0,0,0,0,0,2,0,0,0,0,0,0,0,.293,.400,.413,.813,1,.60,-0.002,.17,0.00%,-0.23,RF
2016-05-03,ATL,NYM,"W,3-0",5,4,0,0,0,0,0,0,1,0,0,0,0,0,0,0,0,0,.281,.391,.396,.787,1,.73,-0.038,.17,-0.01%,-0.84,RF
2016-05-06,ATL,ARI,"L,2-7",4,4,1,2,0,0,0,0,0,0,1,0,0,0,0,0,0,0,.290,.395,.400,.795,1,.87,0.086,.19,0.01%,0.78,RF
2016-05-07,ATL,ARI,"L,2-4",4,4,0,0,0,0,0,0,0,0,0,0,0,0,0,0,0,0,.279,.382,.385,.767,1,1.54,-0.154,.31,-0.02%,-1.20,RF
2016-05-08,ATL,ARI,"L,3-5",6,5,1,3,0,0,0,0,1,0,0,0,0,0,0,0,0,0,.294,.395,.394,.790,1,1.34,0.134,.25,0.02%,0.73,RF
2016-05-10,ATL,PHI,"L,2-3",4,3,0,0,0,0,0,0,1,0,1,0,0,0,0,0,0,0,.286,.391,.384,.775,1,1.04,-0.067,.16,-0.01%,-0.62,RF
2016-05-11,ATL,PHI,"W,5-1",4,3,0,1,0,0,0,1,0,0,0,0,0,1,0,0,0,0,.287,.387,.383,.769,1,.63,0.050,.07,0.00%,0.35,RF
2016-05-12,ATL,PHI,"L,4-7",5,5,0,0,0,0,0,0,0,0,3,0,0,0,0,0,0,0,.275,.373,.367,.740,1,.96,-0.123,.13,-0.01%,-1.07,RF
2016-05-13,ATL,KCR,"L,1-5",4,4,0,0,0,0,0,0,0,0,0,0,0,0,0,0,0,0,.266,.363,.355,.718,1,1.13,-0.126,.12,-0.01%,-0.92,DH
2016-05-14,ATL,KCR,"W,5-0",5,3,1,0,0,0,0,0,2,0,2,0,0,0,0,0,0,0,.260,.364,.346,.711,1,.77,-0.020,.06,0.00%,-0.09,DH
2016-05-15,ATL,KCR,"L,2-4",6,5,0,1,0,0,0,0,1,0,1,0,0,0,0,0,0,0,.258,.363,.341,.704,1,1.62,-0.130,.16,-0.01%,-0.47,DH
2016-05-16,ATL,PIT,"L,5-8",5,4,0,1,1,0,0,0,1,0,1,0,0,0,0,0,0,0,.257,.364,.346,.710,1,.51,0.069,.05,0.00%,0.59,RF
2016-05-17,ATL,PIT,"L,9-12",5,4,1,2,0,0,0,1,1,0,1,0,0,0,0,0,0,0,.264,.371,.350,.721,2,.73,0.048,.06,0.00%,1.83,RF
2016-05-18,ATL,PIT,"W,3-1",5,4,0,1,0,0,0,0,1,0,0,0,0,0,0,1,0,0,.264,.372,.347,.719,2,.80,-0.006,.05,0.00%,-1.08,RF
2016-05-19,ATL,PIT,"L,2-8",4,4,0,0,0,0,0,0,0,0,1,0,0,0,0,0,0,0,.257,.364,.338,.701,2,.58,-0.061,.05,0.00%,-1.06,RF
2016-05-20,ATL,PHI,"W,7-1",5,4,1,1,0,0,1,2,1,0,0,0,0,0,0,1,0,0,.257,.365,.355,.720,4,.76,0.006,.06,0.00%,0.43,RF
2016-05-21,ATL,PHI,"W,2-0",4,3,1,0,0,0,0,0,1,0,1,0,0,0,0,0,0,0,.252,.362,.348,.711,5,.96,0.014,.09,0.00%,-0.09,RF
2016-05-22,ATL,PHI,"L,0-5",4,4,0,0,0,0,0,0,0,0,0,0,0,0,0,1,0,0,.245,.354,.340,.694,4,.70,-0.095,.08,-0.01%,-1.21,RF
2016-05-24,ATL,MIL,"L,1-2",4,2,0,0,0,0,0,0,2,0,1,0,0,0,0,0,0,0,.242,.358,.335,.693,4,1.17,0.027,.09,0.00%,0.43,RF
2016-05-25,ATL,MIL,"L,2-3",6,6,0,0,0,0,0,0,0,0,1,0,0,0,0,0,0,0,.234,.347,.323,.670,4,2.05,-0.306,.11,-0.01%,-1.93,RF
2016-05-26,ATL,MIL,"L,2-6",1,1,0,0,0,0,0,0,0,0,0,0,0,0,0,0,0,0,.232,.345,.321,.666,8,3.66,-0.107,.17,0.00%,-0.59,PH
2016-05-27,ATL,MIA,"W,4-2",5,4,0,2,0,0,0,2,1,0,1,0,0,0,0,0,0,0,.238,.351,.326,.677,5,2.49,0.326,.10,0.01%,1.53,RF
2016-05-28,ATL,MIA,"W,7-2",4,3,1,1,0,0,0,2,0,0,1,0,0,1,0,0,0,0,.240,.349,.326,.675,5,1.64,0.326,.06,0.01%,1.83,RF
2016-05-29,ATL,MIA,"L,3-7",4,4,0,1,1,0,0,0,0,0,1,0,0,0,0,0,0,0,.240,.347,.330,.677,5,1.16,0.032,.06,0.00%,-0.16,RF
2016-05-30,ATL,SFG,"W,5-3",4,4,1,2,1,0,0,1,0,0,1,0,0,0,1,0,0,0,.246,.350,.339,.689,5,.71,0.170,.03,0.00%,1.85,RF
2016-05-31,ATL,SFG,"L,0-4",3,3,0,0,0,0,0,0,0,0,0,0,0,0,0,0,0,0,.242,.345,.333,.679,5,1.23,-0.081,.06,0.00%,-0.71,RF
2016-06-01,ATL,SFG,"W,5-4",4,4,0,1,0,0,0,0,0,0,1,0,0,0,0,0,0,0,.242,.344,.332,.675,5,1.99,0.169,.07,0.00%,0.12,RF
2016-06-03,ATL,LAD,"L,2-4",4,4,0,0,0,0,0,0,0,0,0,0,0,0,0,0,0,0,.237,.338,.325,.662,5,.96,-0.099,.03,0.00%,-0.78,RF
2016-06-04,ATL,LAD,"L,0-4",4,4,0,1,0,0,0,0,0,0,2,0,0,0,0,1,0,0,.237,.336,.323,.659,5,1.25,-0.049,.04,0.00%,-1.14,RF
2016-06-05,ATL,LAD,"L,6-12",4,4,1,3,0,0,0,2,0,0,1,0,0,0,0,0,0,0,.248,.343,.332,.675,5,.56,0.074,.02,0.00%,1.57,RF
2016-06-06,ATL,SDP,"L,2-7",4,4,0,0,0,0,0,0,0,0,0,0,0,0,0,0,0,0,.243,.338,.325,.663,5,.76,-0.077,.02,0.00%,-1.03,RF
2016-06-07,ATL,SDP,"L,3-4",4,2,0,1,1,0,0,2,1,0,0,0,0,1,0,0,0,0,.245,.340,.332,.672,4,1.28,0.129,.02,0.00%,1.18,RF
2016-06-08,ATL,SDP,"W,4-2",5,5,0,2,0,0,0,1,0,0,1,0,0,0,0,0,0,0,.249,.341,.333,.675,5,.76,0.023,.01,0.00%,0.05,RF
2016-06-10,ATL,CHC,"W,5-1",5,5,0,0,0,0,0,0,0,0,0,0,0,0,0,0,0,0,.243,.335,.326,.660,4,.65,-0.083,.01,0.00%,-1.74,RF
2016-06-11,ATL,CHC,"L,2-8",4,4,1,1,1,0,0,0,0,0,0,0,0,0,0,0,0,0,.243,.333,.329,.662,4,.36,-0.007,.00,0.00%,-0.20,RF
2016-06-12,ATL,CHC,"L,2-13",4,3,0,1,0,0,0,0,1,0,0,0,0,0,0,0,0,0,.244,.336,.329,.665,5,.63,0.005,.01,0.00%,0.07,RF
2016-06-13,ATL,CIN,"L,8-9",5,5,1,0,0,0,0,0,0,0,0,0,0,0,1,1,0,0,.239,.330,.322,.651,4,1.76,-0.136,.01,0.00%,-0.36,RF
2016-06-14,ATL,CIN,"L,1-3",4,4,0,1,0,0,0,0,0,0,0,0,0,0,0,0,0,0,.239,.328,.321,.649,5,1.22,-0.073,.01,0.00%,-0.54,RF
2016-06-15,ATL,CIN,"W,9-8",7,5,2,2,0,0,0,0,2,0,1,0,0,0,0,0,0,0,.243,.335,.322,.657,5,1.75,0.084,.01,0.00%,0.86,RF
2016-06-16,ATL,CIN,"W,7-2",4,4,1,1,1,0,0,2,0,0,0,0,0,0,0,0,0,0,.243,.333,.325,.658,4,.70,0.068,.00,0.00%,0.67,RF
2016-06-17,ATL,NYM,"W,5-1",5,4,0,1,0,0,0,1,1,0,0,0,0,0,0,0,0,0,.243,.334,.324,.658,4,.68,0.033,.01,0.00%,0.28,RF
2016-06-18,ATL,NYM,"W,4-3",4,4,0,0,0,0,0,0,0,0,1,0,0,0,0,0,0,0,.239,.330,.319,.649,5,1.63,-0.204,.02,0.00%,-1.15,RF
2016-06-19,ATL,NYM,"W,6-0",5,5,1,2,0,0,1,2,0,0,1,0,0,0,0,0,0,0,.242,.331,.332,.663,4,.71,0.157,.01,0.00%,1.15,RF
2016-06-21,ATL,MIA,"W,3-2",4,3,0,1,0,0,0,0,1,0,0,0,0,0,0,0,0,0,.243,.333,.332,.665,4,1.38,-0.006,.03,0.00%,0.14,RF
2016-06-22,ATL,MIA,"L,0-3",4,4,0,1,0,0,0,0,0,0,0,0,0,0,0,1,0,0,.243,.332,.331,.663,5,.78,-0.083,.02,0.00%,-0.81,RF
2016-06-23,ATL,NYM,"W,4-3",4,4,2,2,1,0,0,0,0,0,1,0,0,0,0,0,0,0,.247,.334,.337,.671,4,1.71,0.003,.03,0.00%,0.30,RF
2016-06-24,ATL,NYM,"L,6-8",4,4,1,2,2,0,0,0,0,0,1,0,0,0,0,0,0,0,.251,.337,.347,.683,5,.96,-0.025,.02,0.00%,0.49,RF
2016-06-25,ATL,NYM,"L,0-1",5,5,0,2,0,0,0,0,0,0,0,0,0,0,0,1,0,0,.254,.338,.348,.685,4,3.11,-0.340,.05,0.00%,-0.73,RF
2016-06-26,ATL,NYM,"W,5-2",4,4,1,2,1,0,0,1,0,0,1,0,0,0,0,0,0,0,.257,.340,.354,.693,4,.96,-0.051,.01,0.00%,-0.17,RF
2016-06-27,ATL,CLE,"L,3-8",4,3,0,0,0,0,0,1,0,0,0,0,0,1,0,0,0,0,.254,.335,.350,.685,4,1.19,-0.057,.02,0.00%,-0.64,RF
2016-06-28,ATL,CLE,"L,3-5",4,4,0,0,0,0,0,0,0,0,2,0,0,0,0,0,0,0,.251,.331,.345,.676,4,1.26,-0.130,.01,0.00%,-0.97,RF
2016-06-29,ATL,CLE,"L,0-3",4,4,0,2,1,0,0,0,0,0,2,0,0,0,0,0,0,0,.254,.333,.351,.684,4,.98,0.032,.01,0.00%,0.16,RF
2016-06-30,ATL,MIA,"W,8-5",5,5,1,2,0,0,0,1,0,0,0,0,0,0,0,0,0,0,.257,.334,.351,.686,5,.86,0.023,.01,0.00%,0.19,RF
2016-07-01,ATL,MIA,"L,5-7",6,4,1,1,0,0,0,0,2,1,0,0,0,0,0,0,0,0,.257,.337,.350,.687,5,1.37,0.006,.01,0.00%,0.12,RF
2016-07-02,ATL,MIA,"W,9-1",4,4,1,1,0,0,0,0,0,0,1,0,0,0,0,1,0,0,.257,.336,.349,.685,4,.59,-0.001,.00,0.00%,-0.77,RF
2016-07-03,ATL,MIA,"L,2-5",4,4,0,0,0,0,0,0,0,0,0,0,0,0,0,0,0,0,.253,.332,.344,.677,4,1.94,-0.160,.01,0.00%,-1.44,RF
2016-07-04,ATL,PHI,"L,2-8",4,3,0,1,0,0,0,1,1,0,1,0,0,0,0,0,0,0,.254,.334,.344,.678,4,.23,0.000,.00,0.00%,0.57,RF
2016-07-05,ATL,PHI,"L,1-5",3,3,0,1,0,0,0,0,0,0,0,0,0,0,0,0,0,0,.255,.334,.344,.678,4,.73,0.013,.00,0.00%,0.08,RF
2016-07-06,ATL,PHI,"L,3-4",4,4,0,1,0,0,0,0,0,0,0,0,0,0,0,0,0,0,.255,.333,.343,.676,4,1.60,-0.078,.00,0.00%,-0.97,RF
2016-07-07,ATL,CHC,"W,4-3",5,5,2,2,0,0,2,3,0,0,2,0,0,0,0,0,0,0,.257,.334,.362,.696,4,1.73,0.403,.00,0.00%,2.02,RF
2016-07-08,ATL,CHW,"W,11-8",5,5,2,1,0,0,1,1,0,0,2,0,0,0,0,0,0,0,.256,.332,.369,.701,4,1.01,0.038,.00,0.00%,-0.63,RF
2016-07-09,ATL,CHW,"L,4-5",4,4,0,1,0,0,0,0,0,0,1,0,0,0,0,0,0,0,.256,.332,.367,.699,4,1.51,-0.114,.00,0.00%,-0.70,DH
2016-07-10,ATL,CHW,"W,2-0",4,4,0,0,0,0,0,0,0,0,0,0,0,0,0,0,0,0,.253,.328,.363,.691,4,.81,-0.113,.00,0.00%,-1.50,RF
2016-07-15,ATL,COL,"L,2-11",4,3,0,1,0,0,0,0,1,0,0,0,0,0,0,0,0,0,.254,.330,.363,.693,4,.57,-0.009,.00,0.00%,0.32,RF
2016-07-16,ATL,COL,"L,3-4",4,4,0,1,0,0,0,0,0,0,0,0,0,0,0,0,0,0,.254,.329,.362,.691,4,.81,-0.001,.00,0.00%,-0.36,RF
2016-07-17,ATL,COL,"W,1-0",4,2,0,0,0,0,0,0,2,0,0,0,0,0,0,0,0,0,.252,.331,.359,.690,4,1.49,-0.062,.00,0.00%,-0.76,RF
2016-07-18,ATL,CIN,"L,2-8",4,4,0,2,0,0,0,0,0,0,0,0,0,0,0,0,0,0,.255,.332,.361,.694,4,1.00,0.030,.00,0.00%,0.58,RF
2016-07-19,ATL,CIN,"W,5-4",5,5,2,3,0,0,0,0,0,0,0,0,0,0,0,0,0,0,.260,.336,.364,.700,4,1.11,0.093,.00,0.00%,0.81,RF
2016-07-20,ATL,CIN,"L,3-6",4,4,0,1,1,0,0,0,0,0,0,0,0,0,0,0,0,0,.260,.335,.366,.701,4,.56,-0.029,.00,0.00%,-0.48,RF
2016-07-21,ATL,COL,"L,3-7",4,3,0,1,0,0,0,0,1,0,1,0,0,0,0,0,0,0,.260,.337,.366,.702,4,.81,0.040,.00,0.00%,0.27,RF
2016-07-22,ATL,COL,"L,3-4",4,4,0,1,0,0,0,1,0,0,1,0,0,0,0,0,0,0,.260,.336,.364,.700,4,1.03,0.005,.00,0.00%,0.29,RF
2016-07-23,ATL,COL,"L,4-8",4,3,0,2,1,0,0,0,1,0,0,0,0,0,0,0,0,0,.264,.340,.370,.709,4,1.01,0.101,.00,0.00%,1.38,RF
2016-07-24,ATL,COL,"L,2-7",4,2,0,0,0,0,0,1,2,0,1,0,0,0,0,0,0,0,.262,.341,.368,.709,4,.65,-0.034,.00,0.00%,-0.03,RF
2016-07-26,ATL,MIN,"W,2-0",4,4,0,0,0,0,0,0,0,0,1,0,0,0,0,0,0,0,.259,.338,.364,.702,4,.63,-0.063,.00,0.00%,-1.00,DH
2016-07-27,ATL,MIN,"W,9-7",5,5,0,1,0,0,0,1,0,0,2,0,0,0,0,1,0,0,.259,.336,.361,.698,4,.78,0.040,.00,0.00%,-0.57,RF
2016-07-28,ATL,PHI,"L,5-7",5,3,1,1,0,0,0,0,2,0,2,0,0,0,0,0,0,0,.259,.339,.361,.701,4,.59,0.031,.00,0.00%,0.69,RF
2016-07-29,ATL,PHI,"W,2-1",4,3,0,3,2,0,0,1,1,0,0,0,0,0,0,0,0,0,.265,.345,.371,.717,4,1.07,0.241,.00,0.00%,2.42,RF
2016-07-30,ATL,PHI,"L,5-9",5,5,0,1,0,0,0,1,0,0,1,0,0,0,0,0,0,0,.264,.344,.369,.713,4,1.28,0.009,.00,0.00%,-0.16,RF
2016-07-31,ATL,PHI,"W,2-1",4,3,1,1,0,0,0,0,1,0,0,0,0,0,0,0,0,0,.265,.345,.369,.714,4,.88,-0.006,.00,0.00%,-0.08,RF
2016-08-02,ATL,PIT,"L,3-5",4,4,1,2,0,0,1,2,0,0,1,0,0,0,0,0,0,0,.267,.347,.378,.724,5,1.31,0.136,.00,0.00%,1.11,RF
2016-08-03,ATL,PIT,"W,8-4",4,3,1,1,1,0,0,1,0,0,0,0,0,1,0,1,0,0,.268,.346,.380,.726,5,1.32,-0.077,.00,0.00%,-0.54,RF
2016-08-04,ATL,PIT,"W,5-2",4,3,0,0,0,0,0,1,0,0,2,0,0,1,0,0,0,0,.266,.343,.377,.720,5,1.10,-0.058,.00,0.00%,-0.56,RF
2016-08-05,ATL,STL,"L,0-1",1,1,0,0,0,0,0,0,0,0,0,0,0,0,0,0,0,0,.265,.342,.376,.718,9,1.02,-0.026,.00,0.00%,-0.10,PH
2016-08-06,ATL,STL,"W,13-5",5,5,1,3,0,0,0,1,0,0,0,0,0,0,0,0,0,0,.269,.345,.379,.724,5,.72,0.016,.00,0.00%,0.62,RF
2016-08-07,ATL,STL,"W,6-3",4,3,1,2,0,0,0,2,1,0,0,0,0,0,0,0,0,0,.272,.348,.381,.729,5,.62,0.169,.00,0.00%,1.96,RF
2016-08-08,ATL,MIL,"W,4-3",5,5,1,2,1,0,1,1,0,0,1,0,0,0,0,2,0,0,.273,.349,.391,.740,5,1.77,0.168,.00,0.00%,0.88,RF
2016-08-09,ATL,MIL,"W,2-1",4,4,0,1,0,0,0,1,0,0,0,0,0,0,0,0,0,0,.273,.348,.390,.737,5,1.50,0.104,.00,0.00%,0.44,RF
2016-08-10,ATL,MIL,"L,3-4",4,4,0,1,0,0,0,0,0,0,2,0,0,0,0,0,0,0,.273,.347,.388,.735,5,1.22,-0.073,.00,0.00%,-0.44,RF
2016-08-11,ATL,MIL,"L,3-11",5,5,0,2,0,0,0,1,0,0,1,0,0,0,0,1,0,0,.274,.348,.388,.736,4,.70,-0.024,.00,0.00%,-0.54,RF
2016-08-12,ATL,WSN,"W,8-5",5,5,0,0,0,0,0,0,0,0,3,0,0,0,0,0,0,0,.271,.344,.384,.728,5,.74,-0.076,.00,0.00%,-1.11,RF
2016-08-13,ATL,WSN,"L,6-7",4,4,0,1,1,0,0,0,0,0,0,0,0,0,0,0,0,0,.271,.343,.385,.728,5,.98,-0.065,.00,0.00%,-1.68,RF
2016-08-14,ATL,WSN,"L,1-9",4,3,0,0,0,0,0,0,1,0,0,0,0,0,0,0,0,0,.269,.343,.382,.725,5,.69,-0.023,.00,0.00%,-0.73,RF
2016-08-16,ATL,MIN,"L,2-4",4,4,0,1,0,0,0,1,0,0,0,0,0,0,0,0,0,0,.269,.342,.381,.723,5,1.73,-0.018,.00,0.00%,0.09,RF
2016-08-17,ATL,MIN,"L,3-10",4,3,1,1,0,0,1,1,1,0,1,0,0,0,0,0,0,0,.269,.343,.388,.731,5,1.11,-0.011,.00,0.00%,1.07,RF
2016-08-18,ATL,WSN,"L,2-8",4,3,0,1,0,0,0,1,0,0,2,0,0,1,0,0,0,0,.270,.342,.387,.730,5,.87,-0.024,.00,0.00%,0.05,RF
2016-08-19,ATL,WSN,"L,6-7",4,2,1,1,0,0,1,1,2,1,0,0,0,0,0,0,0,1,.271,.346,.394,.740,5,1.47,0.050,.00,0.00%,0.79,RF
2016-08-20,ATL,WSN,"L,9-11",5,5,0,0,0,0,0,0,0,0,0,0,0,0,0,0,0,0,.268,.342,.390,.732,5,.60,-0.077,.00,0.00%,-1.59,RF
2016-08-21,ATL,WSN,"W,7-6",5,5,1,1,1,0,0,2,0,0,1,0,0,0,0,0,0,0,.267,.341,.390,.731,3,1.12,0.063,.00,0.00%,1.06,1B
2016-08-22,ATL,ARI,"L,8-9",5,5,0,3,1,0,0,1,0,0,1,0,0,0,0,0,0,0,.271,.343,.394,.738,5,1.02,0.127,.00,0.00%,1.94,RF
2016-08-23,ATL,ARI,"W,7-4",5,5,0,1,0,0,0,1,0,0,0,0,0,0,0,0,0,0,.270,.342,.392,.734,5,1.20,-0.018,.00,0.00%,-0.04,RF
2016-08-24,ATL,ARI,"L,9-10",6,5,3,3,2,0,0,2,1,0,1,0,0,0,0,0,0,0,.273,.346,.399,.744,5,1.59,0.232,.00,0.00%,2.99,RF
2016-08-25,ATL,ARI,"W,3-1",4,3,0,0,0,0,0,1,1,0,2,0,0,0,0,0,0,0,.272,.345,.396,.741,5,1.01,-0.014,.00,0.00%,-0.35,RF
2016-08-26,ATL,SFG,"L,0-7",4,4,0,1,0,0,0,0,0,0,1,0,0,0,0,0,0,0,.272,.344,.395,.739,5,.59,-0.056,.00,0.00%,-0.46,RF
2016-08-27,ATL,SFG,"W,3-1",4,4,0,0,0,0,0,0,0,0,0,0,0,0,0,0,0,0,.269,.342,.392,.734,5,.58,-0.058,.00,0.00%,-0.70,RF
2016-08-28,ATL,SFG,"L,4-13",4,4,0,0,0,0,0,0,0,0,0,0,0,0,0,0,0,0,.267,.339,.389,.728,5,.51,-0.054,.00,0.00%,-0.73,RF
2016-08-30,ATL,SDP,"W,7-3",4,3,1,2,0,0,0,0,1,0,0,0,0,0,0,0,0,0,.270,.342,.390,.733,5,.54,0.074,.00,0.00%,1.63,RF
2016-08-31,ATL,SDP,"W,8-1",5,3,1,0,0,0,0,0,2,0,1,0,0,0,0,0,0,0,.268,.343,.388,.731,5,.48,0.043,.00,0.00%,0.03,RF
2016-09-01,ATL,SDP,"W,9-6",4,4,0,0,0,0,0,0,0,0,1,0,0,0,0,0,0,0,.266,.340,.385,.725,5,.68,-0.068,.00,0.00%,-1.36,RF
2016-09-02,ATL,PHI,"W,8-4",5,4,0,2,1,0,0,1,1,0,1,0,0,0,0,0,0,1,.268,.343,.388,.730,5,1.33,-0.003,.00,0.00%,1.04,RF
2016-09-03,ATL,PHI,"W,6-4",5,3,0,0,0,0,0,1,1,1,2,0,0,1,0,0,0,0,.266,.341,.386,.727,5,2.40,-0.161,.00,0.00%,-0.62,RF
2016-09-04,ATL,PHI,"W,2-0",5,5,0,0,0,0,0,0,0,0,1,0,0,0,0,1,0,0,.264,.338,.382,.720,5,1.26,-0.249,.00,0.00%,-3.23,RF
2016-09-05,ATL,WSN,"L,4-6",5,5,2,3,1,0,0,0,0,0,0,0,0,0,0,0,0,0,.267,.341,.386,.726,5,.52,0.047,.00,0.00%,0.54,RF
2016-09-06,ATL,WSN,"L,7-9",4,4,0,0,0,0,0,0,0,0,1,0,0,0,0,0,0,0,.265,.338,.383,.721,5,.68,-0.072,.00,0.00%,-0.69,RF
2016-09-07,ATL,WSN,"L,4-5",5,5,1,3,1,0,0,0,0,0,0,0,0,0,0,0,0,0,.268,.341,.387,.727,5,1.64,0.117,.00,0.00%,0.46,RF
2016-09-09,ATL,NYM,"L,4-6",5,3,0,1,0,0,0,2,2,1,0,0,0,0,0,0,0,0,.268,.343,.386,.729,5,1.07,0.122,.00,0.00%,1.59,RF
2016-09-10,ATL,NYM,"W,4-3",4,4,1,1,0,0,1,1,0,0,0,0,0,0,0,0,0,0,.268,.342,.391,.733,5,1.19,0.047,.00,0.00%,0.47,RF
2016-09-11,ATL,NYM,"L,3-10",4,4,0,1,0,0,0,1,0,0,1,0,0,0,0,0,0,0,.268,.341,.390,.731,5,.66,0.038,.00,0.00%,0.24,RF
2016-09-12,ATL,MIA,"W,12-7",5,3,3,2,1,0,1,2,2,1,1,0,0,0,0,0,0,0,.270,.345,.399,.744,5,1.02,0.260,.00,0.00%,2.70,RF
2016-09-13,ATL,MIA,"L,5-7",4,4,0,1,0,0,0,1,0,0,0,0,0,0,0,0,0,0,.270,.345,.398,.742,5,1.35,0.083,.00,0.00%,0.44,RF
2016-09-14,ATL,MIA,"L,5-7",4,3,1,1,0,0,1,2,0,0,0,1,0,0,0,0,0,0,.270,.346,.403,.748,5,1.26,0.130,.00,0.00%,1.42,RF
2016-09-16,ATL,WSN,"L,2-7",4,3,1,1,1,0,0,0,1,0,0,0,0,0,0,0,0,0,.271,.347,.404,.751,3,.63,0.009,.00,0.00%,0.07,RF
2016-09-17,ATL,WSN,"W,7-3",4,4,0,2,0,0,0,2,0,0,0,0,0,0,0,1,0,0,.272,.347,.405,.753,5,1.49,0.127,.00,0.00%,0.82,RF
2016-09-18,ATL,WSN,"W,6-2",4,4,0,1,0,0,0,0,0,0,2,0,0,0,0,0,0,0,.272,.347,.404,.751,5,1.10,-0.026,.00,0.00%,-0.77,RF
2016-09-19,ATL,NYM,"W,7-3",5,5,1,2,0,0,0,0,0,0,0,0,0,0,0,0,0,0,.273,.347,.404,.751,5,.40,0.014,.00,0.00%,-0.74,RF
2016-09-20,ATL,NYM,"W,5-4",4,3,0,0,0,0,0,1,1,0,1,0,0,0,0,0,0,0,.272,.347,.402,.748,5,1.40,0.075,.00,0.00%,0.00,RF
2016-09-21,ATL,NYM,"W,4-3",4,3,1,1,0,0,0,0,1,1,0,0,0,0,0,0,0,0,.272,.348,.401,.749,5,1.42,-0.005,.00,0.00%,-0.06,RF
2016-09-22,ATL,MIA,"W,6-3",4,4,0,0,0,0,0,0,0,0,0,0,0,0,0,0,0,0,.270,.346,.399,.744,5,.27,-0.027,.00,0.00%,-0.56,RF
2016-09-23,ATL,MIA,"W,3-2",4,4,0,1,0,0,0,0,0,0,1,0,0,0,0,0,0,0,.270,.345,.398,.743,5,2.33,-0.131,.00,0.00%,-0.56,RF
2016-09-24,ATL,MIA,"L,4-6",4,3,0,1,0,0,0,0,0,0,0,1,0,0,0,0,0,0,.271,.346,.397,.743,5,.93,0.013,.00,0.00%,0.06,RF
2016-09-27,ATL,PHI,"W,7-6",4,4,1,1,0,0,0,1,0,0,1,0,0,0,0,0,0,0,.270,.345,.396,.742,4,1.34,-0.068,.00,0.00%,0.32,RF
2016-09-29,ATL,PHI,"W,5-2",4,2,1,1,0,0,0,0,2,1,0,0,0,0,0,0,0,0,.271,.348,.397,.744,5,.79,0.035,.00,0.00%,0.40,RF
2016-09-30,ATL,DET,"L,2-6",4,3,0,0,0,0,0,0,0,0,2,1,0,0,0,0,0,0,.270,.347,.395,.742,5,.46,-0.034,.00,0.00%,-0.42,RF
2016-10-01,ATL,DET,"W,5-3",4,4,1,1,0,0,1,1,0,0,0,0,0,0,0,0,0,0,.270,.347,.399,.745,5,.68,0.065,.00,0.00%,0.26,RF
2016-10-02,ATL,DET,"W,1-0",3,2,0,0,0,0,0,0,1,1,0,0,0,0,0,0,0,0,.269,.346,.397,.744,5,.92,-0.025,.00,0.00%,-0.25,RF
2017-04-03,ATL,NYM,"L,0-6",4,4,0,0,0,0,0,0,0,0,3,0,0,0,0,0,0,0,.000,.000,.000,.000,5,1.37,-0.144,1.46,-0.09%,-1.58,RF
2017-04-05,ATL,NYM,"W,3-1",6,5,1,1,0,1,0,0,1,1,3,0,0,0,0,0,0,0,.111,.200,.333,.533,5,1.70,-0.008,1.70,-0.01%,-0.63,RF
2017-04-06,ATL,NYM,"L,2-6",4,4,0,1,0,0,0,0,0,0,2,0,0,0,0,0,0,0,.154,.214,.308,.522,5,.54,-0.012,.58,-0.01%,-0.18,RF
2017-04-07,ATL,PIT,"L,4-5",4,3,1,2,2,0,0,1,0,0,0,1,0,0,0,0,0,0,.250,.333,.500,.833,5,1.50,0.238,1.39,0.13%,2.80,RF
2017-04-08,ATL,PIT,"L,4-6",5,2,1,1,0,0,0,0,2,0,0,1,0,0,0,1,0,0,.278,.435,.500,.935,5,1.31,0.125,1.15,0.07%,0.72,RF
2017-04-09,ATL,PIT,"L,5-6",5,5,1,2,0,0,0,1,0,0,1,0,0,0,0,0,0,0,.304,.429,.478,.907,5,1.22,0.102,1.05,0.05%,0.42,RF
2017-04-11,ATL,MIA,"L,4-8",4,4,1,1,0,0,1,1,0,0,0,0,0,0,0,0,0,0,.296,.406,.556,.962,4,.93,-0.062,.83,-0.03%,-0.15,RF
2017-04-12,ATL,MIA,"W,5-4",4,3,0,1,0,0,0,0,1,0,0,0,0,0,0,0,0,1,.300,.417,.533,.950,4,1.50,-0.086,1.22,-0.04%,-0.35,RF
2017-04-14,ATL,SDP,"W,5-2",4,3,0,1,1,0,0,2,1,0,0,0,0,0,0,1,0,0,.303,.425,.545,.970,4,1.02,0.084,.82,0.04%,0.96,RF
2017-04-15,ATL,SDP,"W,4-2",4,4,0,1,0,0,0,1,0,0,1,0,0,0,0,0,0,0,.297,.409,.514,.923,4,.90,0.092,.75,0.05%,0.58,RF
2017-04-16,ATL,SDP,"W,9-2",4,4,1,1,1,0,0,1,0,0,1,0,0,0,0,0,0,0,.293,.396,.512,.908,4,1.05,-0.079,.93,-0.04%,0.44,RF
2017-04-17,ATL,SDP,"W,5-4",4,4,0,0,0,0,0,0,0,0,2,0,0,0,0,0,0,0,.267,.365,.467,.832,4,.89,-0.081,.82,-0.05%,-0.79,RF
2017-04-18,ATL,WSN,"L,1-3",4,4,1,1,0,0,0,0,0,0,0,0,0,0,0,0,0,0,.265,.357,.449,.806,4,1.41,-0.039,1.63,-0.03%,-0.23,RF
2017-04-19,ATL,WSN,"L,4-14",4,4,0,2,0,0,0,1,0,0,2,0,0,0,0,0,0,0,.283,.367,.453,.819,4,.81,0.129,.88,0.09%,1.07,RF
2017-04-20,ATL,WSN,"L,2-3",4,3,1,1,0,0,0,0,1,0,1,0,0,0,0,0,0,0,.286,.375,.446,.821,5,1.12,0.024,1.17,0.02%,0.30,RF
2017-04-21,ATL,PHI,"L,3-4",4,4,0,1,0,0,0,0,0,0,0,0,0,0,0,0,0,0,.283,.368,.433,.801,5,1.18,-0.044,1.07,-0.02%,-0.51,RF
2017-04-22,ATL,PHI,"L,3-4",4,4,0,0,0,0,0,0,0,0,2,0,0,0,0,0,0,0,.266,.347,.406,.753,5,1.42,-0.142,1.21,-0.07%,-1.01,RF
2017-04-23,ATL,PHI,"L,2-5",4,4,0,1,0,0,0,0,0,0,0,0,0,0,0,0,0,0,.265,.342,.397,.739,5,1.09,0.006,.86,0.00%,-0.03,RF
2017-04-26,ATL,NYM,"W,8-2",5,4,2,3,0,0,0,1,1,0,0,0,0,0,0,0,0,0,.292,.370,.417,.787,5,.48,0.134,.34,0.06%,2.45,RF
2017-04-27,ATL,NYM,"W,7-5",5,2,2,1,0,0,0,1,2,1,1,0,0,1,0,0,0,0,.297,.384,.419,.803,5,.63,0.071,.47,0.03%,0.64,RF
2017-04-28,ATL,MIL,"W,10-8",5,5,0,1,1,0,0,0,0,0,1,0,0,0,0,0,0,0,.291,.374,.418,.791,5,1.07,-0.112,.80,-0.05%,-0.82,RF
2017-04-29,ATL,MIL,"W,11-3",5,5,2,3,1,0,0,0,0,0,0,0,0,0,0,0,0,0,.310,.385,.440,.826,5,.46,0.033,.38,0.02%,0.52,RF
2017-04-30,ATL,MIL,"L,3-4",4,3,0,1,0,0,0,0,1,0,1,0,0,0,0,0,0,0,.310,.390,.437,.827,5,1.42,0.087,1.28,0.05%,0.25,RF
2017-05-01,ATL,NYM,"L,5-7",4,4,0,0,0,0,0,2,0,0,1,0,0,0,0,0,0,0,.297,.375,.418,.793,5,1.92,-0.135,1.72,-0.07%,-0.72,RF
2017-05-02,ATL,NYM,"W,9-7",4,4,1,1,1,0,0,0,0,0,2,0,0,0,0,0,0,0,.295,.370,.421,.791,5,.60,-0.031,.51,-0.02%,0.17,RF
2017-05-03,ATL,NYM,"L,5-16",5,5,1,1,0,0,0,0,0,0,1,0,0,0,0,0,0,0,.290,.363,.410,.773,5,.48,-0.007,.44,0.00%,-0.35,RF
2017-05-05,ATL,STL,"L,0-10",4,4,0,1,1,0,0,0,0,0,2,0,0,0,0,0,0,0,.288,.359,.413,.772,5,.52,-0.029,.42,-0.01%,-0.37,RF
2017-05-06,ATL,STL,"L,3-5",4,3,1,1,0,0,0,0,1,0,0,0,0,0,0,0,0,0,.290,.364,.411,.775,5,.82,-0.006,.58,0.00%,0.09,RF
2017-05-07,ATL,STL,"L,4-6",6,5,0,1,0,0,0,0,1,1,3,0,0,0,0,1,0,0,.286,.362,.402,.764,5,2.66,-0.196,1.69,-0.08%,-1.36,RF
2017-05-09,ATL,HOU,"L,3-8",4,3,0,1,0,0,0,1,1,0,1,0,0,0,0,0,0,0,.287,.366,.400,.766,5,.54,0.064,.32,0.02%,1.11,RF
2017-05-10,ATL,HOU,"L,2-4",4,3,0,0,0,0,0,0,1,0,0,0,0,0,0,1,0,0,.280,.363,.390,.753,5,1.31,-0.136,.75,-0.05%,-0.99,DH
2017-05-12,ATL,MIA,"W,8-4",5,4,1,2,0,0,0,0,1,0,2,0,0,0,0,0,0,0,.287,.371,.393,.765,5,.84,0.053,.47,0.02%,0.58,RF
2017-05-13,ATL,MIA,"W,3-1",4,4,1,3,0,0,0,1,0,0,0,0,0,0,0,0,0,0,.302,.382,.405,.787,5,.85,0.139,.55,0.05%,1.30,RF
2017-05-14,ATL,MIA,"L,1-3",4,3,0,1,0,0,0,1,1,1,0,0,0,0,0,1,0,0,.302,.385,.403,.788,5,1.90,-0.006,1.28,0.00%,-0.56,RF
2017-05-15,ATL,TOR,"W,10-6",5,4,1,2,0,0,0,3,0,0,0,1,0,0,0,1,0,0,.308,.392,.406,.798,5,.81,0.190,.48,0.07%,1.99,RF
2017-05-16,ATL,TOR,"W,9-5",5,5,0,3,0,0,0,1,0,0,1,0,0,0,0,0,0,0,.319,.399,.413,.812,5,.56,0.048,.36,0.02%,1.30,DH
2017-05-17,ATL,TOR,"W,8-4",4,4,1,1,0,0,0,2,0,0,0,0,0,0,0,0,0,0,.317,.395,.408,.804,5,.62,0.051,.42,0.02%,0.38,RF
2017-05-18,ATL,TOR,"L,0-9",4,4,0,1,0,0,0,0,0,0,1,0,0,0,0,0,0,0,.315,.392,.404,.796,3,.21,-0.002,.17,0.00%,-0.80,RF
2017-05-19,ATL,WSN,"W,7-4",5,5,2,1,0,0,0,1,0,0,1,0,0,0,0,0,0,0,.311,.386,.397,.783,3,1.98,0.020,2.03,0.01%,-0.68,RF
2017-05-20,ATL,WSN,"W,5-2",4,4,0,0,0,0,0,0,0,0,3,0,0,0,0,0,0,0,.303,.377,.387,.764,3,.72,-0.077,.79,-0.05%,-1.01,RF
2017-05-21,ATL,WSN,"L,2-3",4,4,0,1,1,0,0,0,0,0,1,0,0,0,0,0,0,0,.302,.374,.390,.764,3,1.41,-0.058,1.64,-0.04%,0.02,RF
2017-05-22,ATL,PIT,"W,5-2",5,5,0,0,0,0,0,0,0,0,1,0,0,0,1,0,0,0,.293,.364,.378,.742,3,.72,-0.041,.59,-0.02%,-1.06,RF
2017-05-23,ATL,PIT,"W,6-5",5,5,1,2,2,0,0,1,0,0,0,0,0,0,0,0,0,0,.296,.365,.391,.756,3,1.93,0.396,1.66,0.20%,0.32,RF
2017-05-24,ATL,PIT,"L,5-12",5,3,1,1,0,0,0,0,2,0,1,0,0,0,0,0,0,0,.297,.371,.390,.761,3,1.26,0.083,1.13,0.05%,0.39,RF
2017-05-25,ATL,PIT,"L,4-9",4,4,0,1,0,0,0,0,0,0,0,0,0,0,0,0,0,0,.295,.369,.386,.755,3,.31,-0.026,.25,-0.01%,-0.55,RF
2017-05-26,ATL,SFG,"W,2-0",4,3,0,1,1,0,0,0,1,0,0,0,0,0,0,0,0,0,.296,.371,.391,.762,3,.88,-0.027,.68,-0.01%,0.08,RF
2017-05-27,ATL,SFG,"L,3-6",4,4,0,1,0,0,0,1,0,0,2,0,0,0,0,0,0,0,.295,.369,.388,.757,3,.72,0.005,.61,0.00%,0.21,RF
2017-05-28,ATL,SFG,"L,1-7",4,3,1,2,0,0,0,0,1,0,0,0,0,0,0,0,0,0,.301,.376,.392,.769,3,.27,0.027,.20,0.01%,0.89,RF
2017-05-29,ATL,LAA,"W,6-3",4,4,0,0,0,0,0,0,0,0,1,0,0,0,0,0,0,0,.295,.369,.384,.753,2,.99,-0.105,.68,-0.04%,-1.26,RF
2017-05-30,ATL,LAA,"L,3-9",3,3,0,1,0,0,0,0,0,0,0,0,0,0,0,0,0,0,.295,.369,.383,.752,2,.70,-0.012,.52,-0.01%,-0.28,RF
2017-05-31,ATL,LAA,"L,1-2",4,3,0,0,0,0,0,0,1,0,0,0,0,0,0,0,0,0,.291,.367,.378,.744,3,1.17,-0.094,.77,-0.04%,-0.46,RF
2017-06-02,ATL,CIN,"L,2-3",5,5,0,1,0,0,0,0,0,0,0,0,0,0,0,0,0,0,.289,.363,.373,.736,3,.97,0.017,.58,0.01%,-0.46,RF
2017-06-03,ATL,CIN,"W,6-5",6,4,1,0,0,0,0,0,2,0,0,0,0,0,0,1,0,0,.283,.362,.366,.728,3,1.66,-0.166,.86,-0.05%,-0.96,RF
2017-06-04,ATL,CIN,"W,13-8",1,0,0,0,0,0,0,0,0,0,0,1,0,0,0,0,0,0,.283,.365,.366,.731,9,.03,0.001,.02,0.00%,0.24,PH
2017-06-05,ATL,PHI,"L,4-11",4,4,0,1,0,0,0,1,0,0,1,0,0,0,0,1,0,0,.282,.363,.364,.727,3,.96,-0.109,.61,-0.04%,-1.24,RF
2017-06-06,ATL,PHI,"L,1-3",4,4,0,1,0,0,0,1,0,0,2,0,0,0,0,0,0,0,.282,.361,.362,.722,3,1.20,-0.013,.70,-0.01%,0.20,RF
2017-06-07,ATL,PHI,"W,14-1",5,5,1,3,3,0,0,5,0,0,1,0,0,0,0,0,0,0,.289,.366,.381,.747,3,.43,0.136,.22,0.04%,4.47,RF
2017-06-08,ATL,PHI,"W,3-1",4,4,0,1,0,0,0,1,0,0,0,0,0,0,0,1,0,0,.288,.364,.378,.742,3,.70,-0.019,.37,-0.01%,-0.44,RF
2017-06-09,ATL,NYM,"W,3-2",4,4,0,1,0,0,0,0,0,0,1,0,0,0,0,0,0,0,.288,.362,.376,.738,3,.66,-0.045,.38,-0.02%,-0.25,RF
2017-06-10,ATL,NYM,"L,1-6",4,4,0,0,0,0,0,0,0,0,0,0,0,0,1,0,0,0,.283,.357,.370,.726,3,1.25,-0.106,.82,-0.04%,-0.55,RF
2017-06-10,ATL,NYM,"L,1-8",4,2,0,0,0,0,0,0,2,0,1,0,0,0,0,0,0,0,.280,.359,.366,.725,3,.73,-0.034,.42,-0.01%,-0.21,RF
2017-06-11,ATL,NYM,"L,1-2",4,4,0,2,0,0,0,0,0,0,1,0,0,0,0,0,0,0,.284,.361,.369,.730,3,1.45,-0.025,.80,-0.01%,0.03,RF
2017-06-12,ATL,WSN,"W,11-10",5,3,3,1,0,0,1,2,2,0,0,0,0,0,0,0,0,0,.285,.365,.381,.746,3,1.34,0.272,.88,0.11%,2.02,RF
2017-06-13,ATL,WSN,"L,5-10",5,5,0,1,0,0,0,0,0,0,1,0,0,0,0,1,0,0,.283,.362,.377,.739,3,1.09,-0.146,.85,-0.07%,-1.12,RF
2017-06-14,ATL,WSN,"W,13-2",5,4,2,3,0,0,0,1,1,0,0,0,0,0,0,0,0,0,.290,.370,.383,.753,3,.67,0.177,.43,0.07%,2.55,RF
2017-06-16,ATL,MIA,"L,0-5",4,4,0,0,0,0,0,0,0,0,2,0,0,0,0,0,0,0,.286,.365,.377,.742,3,.83,-0.108,.45,-0.04%,-1.10,RF
2017-06-17,ATL,MIA,"W,8-7",5,5,0,3,1,0,0,1,0,0,1,0,0,0,0,0,0,0,.292,.369,.385,.754,3,1.54,0.407,.70,0.11%,1.65,RF
2017-06-18,ATL,MIA,"W,5-4",4,3,0,1,0,0,0,2,0,0,0,1,0,0,0,1,0,0,.292,.371,.385,.755,3,1.78,0.051,.80,0.01%,0.56,RF
2017-06-19,ATL,SFG,"W,9-0",5,4,0,0,0,0,0,0,0,0,0,1,0,0,0,0,0,0,.288,.368,.379,.747,3,.47,-0.037,.22,-0.01%,-1.27,RF
2017-06-20,ATL,SFG,"L,3-6",4,4,0,1,0,0,0,0,0,0,2,0,0,0,0,0,0,0,.287,.366,.377,.743,3,1.17,-0.093,.63,-0.03%,-0.68,RF
2017-06-21,ATL,SFG,"W,5-3",5,4,2,1,0,0,0,0,1,0,2,0,0,0,0,0,0,0,.287,.367,.375,.742,3,1.07,0.040,.49,0.01%,-0.06,RF
2017-06-22,ATL,SFG,"W,12-11",5,5,2,4,0,0,1,3,0,0,0,0,0,0,0,0,0,0,.296,.374,.394,.767,3,.77,0.296,.39,0.09%,3.00,RF
2017-06-23,ATL,MIL,"W,5-4",4,3,1,0,0,0,0,0,1,0,2,0,0,0,0,0,0,0,.293,.372,.389,.762,3,.54,-0.007,.31,0.00%,-0.33,RF
2017-06-24,ATL,MIL,"W,3-1",4,4,0,1,0,0,0,0,0,0,0,0,0,0,0,0,0,0,.292,.371,.387,.758,3,.77,-0.037,.48,-0.01%,-0.53,RF
2017-06-25,ATL,MIL,"L,0-7",4,4,0,0,0,0,0,0,0,0,0,0,0,0,0,0,0,0,.288,.366,.382,.748,3,.40,-0.039,.25,-0.02%,-1.02,RF
2017-06-27,ATL,SDP,"W,3-0",4,3,0,2,1,0,0,1,0,0,0,0,0,1,0,0,0,0,.292,.368,.388,.756,3,.82,0.089,.53,0.04%,0.82,RF
2017-06-28,ATL,SDP,"L,4-7",4,2,1,1,1,0,0,0,2,0,0,0,0,0,0,0,0,0,.294,.372,.392,.765,3,.59,0.042,.40,0.02%,0.90,RF
2017-06-29,ATL,SDP,"L,0-6",4,4,0,1,0,0,0,0,0,0,1,0,0,0,0,0,0,0,.293,.371,.391,.761,3,.34,-0.015,.20,-0.01%,-0.56,RF
2017-06-30,ATL,OAK,"W,3-1",4,3,0,0,0,0,0,0,1,0,1,0,0,0,0,0,0,0,.290,.370,.387,.756,3,.68,-0.009,.39,0.00%,-0.28,RF
2017-07-01,ATL,OAK,"W,4-3",4,4,1,1,1,0,0,0,0,0,1,0,0,0,0,0,0,0,.289,.368,.388,.756,3,.95,-0.011,.66,0.00%,-0.06,RF
2017-07-02,ATL,OAK,"W,4-3",5,4,1,0,0,0,0,0,1,0,0,0,0,0,1,0,0,0,.286,.366,.383,.749,3,1.23,-0.045,.95,-0.02%,-0.26,RF
2017-07-04,ATL,HOU,"L,4-16",4,4,1,2,1,0,0,0,0,0,1,0,0,0,0,0,0,0,.288,.367,.388,.755,5,.28,-0.023,.22,-0.01%,0.15,RF
2017-07-05,ATL,HOU,"L,4-10",4,4,0,0,0,0,0,0,0,0,2,0,0,0,0,0,0,0,.285,.363,.383,.746,5,.67,-0.069,.45,-0.03%,-1.10,RF
2017-07-06,ATL,WSN,"W,5-2",5,3,0,1,1,0,0,1,2,0,0,0,0,0,0,0,0,0,.285,.366,.386,.752,5,1.22,-0.004,1.12,0.00%,0.35,RF
2017-07-07,ATL,WSN,"L,4-5",4,3,0,0,0,0,0,0,1,0,1,0,0,0,0,0,0,0,.283,.365,.382,.747,5,.75,-0.058,.82,-0.04%,-0.43,RF
2017-07-08,ATL,WSN,"W,13-0",5,5,4,3,1,0,1,2,0,0,0,0,0,0,1,0,0,0,.287,.368,.398,.766,5,.31,0.083,.28,0.05%,3.18,RF
2017-07-09,ATL,WSN,"L,5-10",4,4,0,0,0,0,0,1,0,0,0,0,0,0,0,0,0,0,.284,.364,.393,.757,5,1.45,-0.141,1.53,-0.09%,-1.09,RF
2017-07-14,ATL,ARI,"W,4-3",4,4,0,0,0,0,0,0,0,0,2,0,0,0,0,0,0,0,.281,.361,.388,.749,5,.79,-0.080,.51,-0.03%,-1.01,RF
2017-07-15,ATL,ARI,"W,8-5",4,4,1,1,0,0,0,0,0,0,1,0,0,0,0,0,0,0,.280,.359,.386,.746,5,1.22,0.036,.85,0.02%,-0.08,RF
2017-07-16,ATL,ARI,"W,7-1",4,4,0,0,0,0,0,0,0,0,1,0,0,0,0,0,0,0,.277,.356,.382,.738,5,.33,-0.037,.26,-0.02%,-1.14,RF
2017-07-17,ATL,CHC,"L,3-4",3,3,0,1,0,0,0,0,0,0,0,0,0,0,0,1,0,0,.277,.355,.382,.737,6,.73,-0.053,.55,-0.02%,-0.52,RF
2017-07-18,ATL,CHC,"L,1-5",4,4,1,1,0,0,1,1,0,0,1,0,0,0,0,0,0,0,.277,.354,.389,.743,6,.84,0.042,.53,0.02%,0.15,RF
2017-07-19,ATL,CHC,"L,2-8",1,1,0,1,0,0,0,0,0,0,0,0,0,0,0,0,0,0,.279,.356,.390,.746,9,.35,0.016,.17,0.01%,0.39,PH RF
2017-07-20,ATL,LAD,"W,6-3",4,2,1,0,0,0,0,0,2,0,0,0,0,0,0,0,0,0,.278,.358,.388,.746,6,.57,-0.024,.25,-0.01%,-0.13,RF
2017-07-21,ATL,LAD,"W,12-3",5,5,1,2,0,0,0,0,0,0,0,0,0,0,1,0,0,0,.279,.358,.388,.746,6,.30,0.035,.14,0.01%,0.43,RF
2017-07-22,ATL,LAD,"L,2-6",4,3,0,1,0,0,0,0,1,0,0,0,0,0,0,0,0,0,.280,.359,.388,.747,6,.97,-0.028,.57,-0.01%,-0.15,RF
2017-07-23,ATL,LAD,"L,4-5",4,4,0,0,0,0,0,0,0,0,0,0,0,0,0,0,0,0,.277,.356,.384,.739,5,1.23,-0.118,.59,-0.03%,-1.08,RF
2017-07-24,ATL,ARI,"L,2-10",3,3,0,0,0,0,0,0,0,0,1,0,0,0,0,0,0,0,.274,.353,.380,.734,5,.63,-0.053,.31,-0.02%,-0.79,RF
2017-07-25,ATL,ARI,"W,8-3",5,4,0,0,0,0,0,0,1,0,1,0,0,0,0,0,0,0,.272,.352,.376,.728,5,.80,-0.015,.32,0.00%,-0.84,RF
2017-07-26,ATL,ARI,"L,3-10",1,1,0,1,0,0,0,1,0,0,0,0,0,0,0,0,0,0,.273,.353,.378,.731,9,.31,0.015,.16,0.01%,0.76,RF
2017-07-28,ATL,PHI,"L,3-10",4,3,0,1,0,0,0,0,1,0,0,0,0,0,0,0,0,0,.274,.354,.378,.732,6,.35,0.037,.11,0.01%,-0.14,RF
2017-07-29,ATL,PHI,"L,3-4",5,4,0,3,2,0,0,1,1,1,1,0,0,0,0,0,0,1,.279,.360,.387,.746,6,1.62,0.121,.44,0.02%,1.56,RF
2017-07-30,ATL,PHI,"L,1-2",4,3,0,2,0,0,0,0,1,1,1,0,0,0,0,0,0,0,.282,.363,.389,.752,5,2.28,0.077,.52,0.01%,0.28,RF
2017-07-31,ATL,PHI,"L,6-7",5,2,1,1,0,0,0,1,3,0,0,0,0,0,0,0,0,0,.283,.368,.390,.758,5,1.15,0.177,.22,0.02%,1.98,RF
2017-08-01,ATL,LAD,"L,2-3",4,4,0,0,0,0,0,0,0,0,1,0,0,0,0,0,0,0,.280,.365,.386,.750,6,1.17,-0.116,.17,-0.01%,-0.75,RF
2017-08-02,ATL,LAD,"W,5-3",4,2,1,1,0,0,0,0,2,0,0,0,0,0,0,0,0,0,.281,.368,.386,.754,5,1.45,-0.071,.17,-0.01%,-0.30,RF
2017-08-03,ATL,LAD,"L,4-7",4,4,0,2,1,0,0,0,0,0,0,0,0,0,0,0,0,0,.284,.369,.390,.759,5,.61,0.021,.09,0.00%,-0.08,RF
2017-08-04,ATL,MIA,"W,5-3",4,4,1,1,0,0,1,3,0,0,0,0,0,0,1,0,0,0,.283,.368,.396,.764,5,1.67,0.447,.17,0.03%,2.81,RF
2017-08-05,ATL,MIA,"W,7-2",4,4,0,1,1,0,0,1,0,0,1,0,0,0,0,0,0,0,.283,.367,.397,.764,4,.87,0.137,.10,0.01%,0.58,RF
2017-08-06,ATL,MIA,"L,1-4",4,4,0,0,0,0,0,0,0,0,1,0,0,0,0,1,0,0,.280,.364,.393,.757,4,1.06,-0.142,.14,-0.01%,-1.74,RF
2017-08-08,ATL,PHI,"L,2-5",4,3,1,0,0,0,0,0,1,0,0,0,0,0,0,0,0,0,.278,.363,.390,.753,4,.67,-0.021,.06,0.00%,-0.12,RF
2017-08-09,ATL,PHI,"L,2-3",4,4,0,2,2,0,0,0,0,0,1,0,0,0,0,0,0,0,.280,.364,.396,.761,4,.97,-0.016,.06,0.00%,0.12,RF
2017-08-11,ATL,STL,"L,5-8",4,4,0,0,0,0,0,0,0,0,0,0,0,0,0,0,0,0,.278,.361,.392,.754,4,1.15,-0.119,.06,0.00%,-1.04,RF
2017-08-12,ATL,STL,"L,5-6",5,4,0,0,0,0,0,0,1,0,1,0,0,0,0,0,0,0,.275,.360,.389,.748,4,2.40,-0.228,.09,-0.01%,-0.73,RF
2017-08-13,ATL,STL,"W,6-3",5,5,1,1,0,0,0,1,0,0,1,0,0,0,0,0,0,0,.274,.358,.386,.744,4,.71,0.005,.02,0.00%,-0.33,RF
2017-08-14,ATL,COL,"L,0-3",4,4,0,2,1,0,0,0,0,0,1,0,0,0,0,0,0,0,.276,.359,.390,.749,4,.64,0.031,.03,0.00%,0.42,RF
2017-08-15,ATL,COL,"W,4-3",4,4,1,1,0,0,1,1,0,0,0,0,0,0,0,0,0,0,.276,.358,.395,.754,5,1.04,0.055,.03,0.00%,0.05,RF
2017-08-16,ATL,COL,"L,2-17",3,3,0,2,0,0,0,2,0,0,0,0,0,0,0,0,0,0,.279,.360,.397,.757,4,.32,-0.025,.01,0.00%,1.46,RF
2017-08-17,ATL,COL,"W,10-4",5,5,1,1,0,0,0,0,0,0,1,0,0,0,0,0,0,0,.278,.359,.395,.754,4,.74,-0.070,.02,0.00%,-0.69,RF
2017-08-18,ATL,CIN,"L,3-5",4,4,0,0,0,0,0,1,0,0,0,0,0,0,0,0,0,0,.275,.356,.391,.747,4,1.07,-0.113,.03,0.00%,-0.79,RF
2017-08-19,ATL,CIN,"L,8-11",5,4,2,2,0,0,0,0,1,0,0,0,0,0,0,0,0,0,.277,.358,.392,.751,5,.78,-0.062,.01,0.00%,-0.10,RF
2017-08-20,ATL,CIN,"W,8-1",5,3,1,1,1,0,0,2,2,1,0,0,0,0,0,0,0,0,.278,.360,.394,.755,4,.86,0.270,.01,0.00%,2.25,RF
2017-08-21,ATL,SEA,"L,5-6",4,4,1,3,0,0,0,0,0,0,0,0,0,0,0,0,0,0,.282,.363,.397,.761,5,1.35,0.066,.03,0.00%,0.44,RF
2017-08-22,ATL,SEA,"W,4-0",4,4,1,2,0,0,1,2,0,0,1,0,0,0,0,1,0,0,.284,.365,.405,.769,5,1.25,0.136,.01,0.00%,-0.17,RF
2017-08-23,ATL,SEA,"L,6-9",5,4,0,0,0,0,0,2,0,0,2,0,0,1,0,0,0,0,.281,.361,.401,.762,5,1.43,-0.003,.02,0.00%,-0.61,RF
2017-08-25,ATL,COL,"W,5-2",4,4,0,0,0,0,0,0,0,0,0,0,0,0,0,0,0,0,.279,.358,.398,.756,5,.25,-0.026,.00,0.00%,-0.96,RF
2017-08-26,ATL,COL,"L,6-7",4,4,1,2,0,0,0,0,0,0,1,0,0,0,0,0,0,0,.281,.359,.399,.758,5,1.21,0.046,.02,0.00%,0.47,RF
2017-08-27,ATL,COL,"L,0-3",4,4,0,0,0,0,0,0,0,0,1,0,0,0,0,0,0,0,.278,.357,.395,.752,4,1.47,-0.145,.01,0.00%,-1.26,RF
2017-08-28,ATL,PHI,"L,1-6",4,4,0,1,0,0,0,0,0,0,1,0,0,0,0,0,0,0,.278,.356,.394,.750,5,.67,-0.004,.00,0.00%,-0.36,RF
2017-08-30,ATL,PHI,"W,9-1",5,5,1,1,1,0,0,1,0,0,2,0,0,0,0,0,0,0,.277,.355,.394,.749,4,.22,0.024,.00,0.00%,0.20,RF
2017-08-30,ATL,PHI,"W,5-2",5,3,0,2,1,0,0,0,2,1,0,0,0,0,0,0,0,0,.280,.359,.398,.757,5,.67,0.050,.00,0.00%,1.03,RF
2017-08-31,ATL,CHC,"L,2-6",4,3,0,2,0,0,0,0,1,0,0,0,0,0,0,0,0,0,.282,.361,.400,.761,5,.76,0.064,.00,0.00%,0.70,RF
2017-09-01,ATL,CHC,"L,0-2",3,3,0,0,0,0,0,0,0,0,1,0,0,0,0,0,0,0,.280,.359,.397,.757,5,.90,-0.069,.00,0.00%,-0.59,RF
2017-09-02,ATL,CHC,"L,12-14",5,5,1,2,2,0,0,2,0,0,3,0,0,0,0,0,0,0,.281,.360,.401,.761,5,.81,-0.025,.00,0.00%,0.37,RF
2017-09-03,ATL,CHC,"W,5-1",4,3,2,1,0,0,0,0,1,0,0,0,0,0,0,0,0,0,.282,.361,.401,.762,5,.80,0.001,.00,0.00%,0.23,RF
2017-09-04,ATL,TEX,"L,2-8",4,3,1,2,1,0,0,0,1,0,0,0,0,0,0,0,0,0,.284,.363,.404,.768,4,.74,-0.007,.00,0.00%,0.53,RF
2017-09-06,ATL,TEX,"L,8-12",4,3,0,1,0,0,0,1,1,0,0,0,0,0,0,0,0,0,.284,.364,.404,.768,5,.37,-0.005,.00,0.00%,0.11,RF
2017-09-06,ATL,TEX,"W,5-4",4,3,1,0,0,0,0,0,1,0,0,0,0,0,0,0,0,0,.283,.364,.402,.765,5,.69,-0.011,.00,0.00%,-0.77,RF
2017-09-07,ATL,MIA,"W,6-5",0,0,1,0,0,0,0,0,0,,0,0,0,,0,,0,0,.283,.364,.402,.765,9,,0.000,,,0.00,PR
2017-09-09,ATL,MIA,"W,6-5",1,0,0,0,0,0,0,0,1,0,0,0,0,0,0,0,0,0,.283,.365,.402,.766,9,4.39,0.047,.00,0.00%,0.34,RF
2017-09-10,ATL,MIA,"W,10-8",6,5,2,1,1,0,0,0,1,0,0,0,0,0,0,0,0,0,.282,.364,.402,.766,4,1.48,-0.023,.00,0.00%,0.05,RF
2017-09-12,ATL,WSN,"W,8-0",5,5,0,0,0,0,0,0,0,0,1,0,0,0,0,0,0,0,.279,.361,.398,.759,5,.24,-0.033,.00,0.00%,-1.12,RF
2017-09-13,ATL,WSN,"W,8-2",5,4,0,2,0,0,0,0,1,0,0,0,0,0,0,0,0,0,.281,.363,.398,.762,5,.61,0.014,.00,0.00%,0.20,RF
2017-09-14,ATL,WSN,"L,2-5",4,4,0,0,0,0,0,0,0,0,0,0,0,0,0,0,0,0,.279,.361,.395,.756,5,.91,-0.099,.00,0.00%,-0.92,RF
2017-09-15,ATL,NYM,"W,3-2",4,4,0,2,0,0,0,0,0,0,1,0,0,0,0,0,0,0,.280,.362,.396,.758,5,.98,0.027,.00,0.00%,0.32,RF
2017-09-16,ATL,NYM,"L,3-7",4,4,0,0,0,0,0,0,0,0,1,0,0,0,0,0,0,0,.278,.359,.393,.753,4,.63,-0.083,.00,0.00%,-1.20,RF
2017-09-17,ATL,NYM,"L,1-5",4,4,0,0,0,0,0,0,0,0,1,0,0,0,0,0,0,0,.276,.357,.390,.748,4,.99,-0.103,.00,0.00%,-0.98,RF
2017-09-19,ATL,WSN,"L,2-4",4,4,0,1,0,0,0,0,0,0,0,0,0,0,0,0,0,0,.276,.356,.389,.746,4,1.23,-0.080,.00,0.00%,-0.53,RF
2017-09-20,ATL,WSN,"L,3-7",4,4,0,0,0,0,0,0,0,0,1,0,0,0,0,0,0,0,.274,.354,.387,.741,4,.74,-0.077,.00,0.00%,-0.91,RF
2017-09-21,ATL,WSN,"W,3-2",3,3,1,1,1,0,0,0,0,0,0,0,0,0,0,1,0,0,.274,.354,.388,.742,4,.71,-0.018,.00,0.00%,-0.36,RF
2017-09-22,ATL,PHI,"W,7-2",4,4,1,2,0,0,0,3,0,0,0,0,0,0,0,0,0,0,.276,.355,.389,.744,4,.45,0.087,.00,0.00%,1.49,RF
2017-09-23,ATL,PHI,"W,4-2",4,3,0,1,0,0,0,0,1,0,0,0,0,0,0,0,0,0,.276,.356,.389,.744,3,.91,0.011,.00,0.00%,0.16,RF
2017-09-24,ATL,PHI,"L,0-2",4,4,0,0,0,0,0,0,0,0,2,0,0,0,0,0,0,0,.274,.354,.386,.740,4,1.84,-0.183,.00,0.00%,-1.09,RF
2017-09-25,ATL,NYM,"W,9-2",5,3,1,1,1,0,0,2,2,0,0,0,0,0,0,0,0,0,.275,.356,.387,.743,4,.89,0.115,.00,0.00%,2.06,RF
2017-09-25,ATL,NYM,"L,2-3",4,4,0,1,0,0,0,0,0,0,2,0,0,0,0,0,0,0,.274,.355,.386,.741,3,1.56,-0.150,.00,0.00%,-0.93,RF
2017-09-26,ATL,NYM,"L,3-4",5,5,0,2,1,0,0,1,0,0,1,0,0,0,0,0,0,0,.276,.355,.388,.743,4,.86,0.084,.00,0.00%,-0.04,RF
2017-09-28,ATL,MIA,"L,1-7",4,3,0,0,0,0,0,0,1,0,0,0,0,0,0,0,0,0,.274,.355,.386,.741,4,.45,-0.018,.00,0.00%,-0.49,RF
2017-09-29,ATL,MIA,"L,5-6",4,4,0,0,0,0,0,0,0,0,1,0,0,0,0,0,0,0,.272,.352,.384,.736,4,.67,-0.072,.00,0.00%,-1.42,RF
2017-09-30,ATL,MIA,"L,2-10",4,4,0,1,0,0,0,0,0,0,1,0,0,0,0,1,0,0,.272,.352,.383,.735,2,.35,-0.008,.00,0.00%,-0.86,RF
2017-10-01,ATL,MIA,"W,8-5",5,5,1,3,0,0,0,1,0,0,0,0,0,0,0,0,0,0,.275,.354,.384,.738,4,.75,0.029,.00,0.00%,0.56,RF
